0.13,0.011585
0.14,0.041403
0.15,0.071278
0.16,0.10121
0.17,0.1312
0.18,0.16125
0.19,0.19136
0.2,0.22153
0.21,0.25175
0.22,0.28203
0.23,0.31236
0.24,0.34276
0.25,0.37321
0.26,0.40371
0.27,0.43428
0.28,0.4649
0.29,0.49557
0.3,0.52631
0.31,0.55709
0.32,0.58794
0.33,0.61884
0.34,0.64979
0.35,0.6808
0.36,0.71187
0.37,0.74299
0.38,0.77416
0.39,0.80539
0.4,0.83668
0.41,0.86802
0.42,0.89941
0.43,0.93086
0.44,0.96236
0.45,0.99392
0.46,1.0255
0.47,1.0572
0.48,1.0889
0.49,1.1207
0.5,1.1525
0.51,1.1844
0.52,1.2163
0.53,1.2483
0.54,1.2803
0.55,1.3124
0.56,1.3445
0.57,1.3767
0.58,1.409
0.59,1.4413
0.6,1.4736
0.61,1.506
0.62,1.5384
0.63,1.5709
0.64,1.6035
0.65,1.6361
0.66,1.6688
0.67,1.7015
0.68,1.7342
0.69,1.767
0.7,1.7999
0.71,1.8328
0.72,1.8657
0.73,1.8987
0.74,1.9318
0.75,1.9649
0.76,1.998
0.77,2.0312
0.78,2.0645
0.79,2.0978
0.8,2.1311
0.81,2.1645
0.82,2.198
0.83,2.2315
0.84,2.265
0.85,2.2986
0.86,2.3322
0.87,2.3659
0.88,2.3997
0.89,2.4334
0.9,2.4673
0.91,2.5011
0.92,2.5351
0.93,2.569
0.94,2.6031
0.95,2.6371
0.96,2.6712
0.97,2.7054
0.98,2.7396
0.99,2.7738
1,2.8081
1.01,2.8425
1.02,2.8769
1.03,2.9113
1.04,2.9458
1.05,2.9803
1.06,3.0149
1.07,3.0495
1.08,3.0841
1.09,3.1188
1.1,3.1536
1.11,3.1884
1.12,3.2232
1.13,3.2581
1.14,3.293
1.15,3.328
1.16,3.363
1.17,3.3981
1.18,3.4332
1.19,3.4683
1.2,3.5035
1.21,3.5387
1.22,3.574
1.23,3.6093
1.24,3.6447
1.25,3.6801
1.26,3.7155
1.27,3.751
1.28,3.7865
1.29,3.8221
1.3,3.8577
1.31,3.8934
1.32,3.9291
1.33,3.9648
1.34,4.0006
1.35,4.0364
1.36,4.0723
1.37,4.1082
1.38,4.1441
1.39,4.1801
1.4,4.2161
1.41,4.2522
1.42,4.2883
1.43,4.3244
1.44,4.3606
1.45,4.3968
1.46,4.4331
1.47,4.4694
1.48,4.5058
1.49,4.5421
1.5,4.5786
1.51,4.615
1.52,4.6515
1.53,4.6881
1.54,4.7247
1.55,4.7613
1.56,4.7979
1.57,4.8346
1.58,4.8714
1.59,4.9082
1.6,4.945
1.61,4.9818
1.62,5.0187
1.63,5.0556
1.64,5.0926
1.65,5.1296
1.66,5.1666
1.67,5.2037
1.68,5.2408
1.69,5.278
1.7,5.3152
1.71,5.3524
1.72,5.3896
1.73,5.4269
1.74,5.4643
1.75,5.5016
1.76,5.539
1.77,5.5765
1.78,5.614
1.79,5.6515
1.8,5.689
1.81,5.7266
1.82,5.7642
1.83,5.8019
1.84,5.8396
1.85,5.8773
1.86,5.915
1.87,5.9528
1.88,5.9907
1.89,6.0285
1.9,6.0664
1.91,6.1044
1.92,6.1423
1.93,6.1803
1.94,6.2184
1.95,6.2564
1.96,6.2945
1.97,6.3327
1.98,6.3708
1.99,6.409
2,6.4473
2.01,6.4855
2.02,6.5238
2.03,6.5622
2.04,6.6005
2.05,6.6389
2.06,6.6774
2.07,6.7158
2.08,6.7543
2.09,6.7928
2.1,6.8314
2.11,6.87
2.12,6.9086
2.13,6.9473
2.14,6.986
2.15,7.0247
2.16,7.0634
2.17,7.1022
2.18,7.141
2.19,7.1799
2.2,7.2187
2.21,7.2576
2.22,7.2966
2.23,7.3355
2.24,7.3745
2.25,7.4136
2.26,7.4526
2.27,7.4917
2.28,7.5308
2.29,7.57
2.3,7.6091
2.31,7.6483
2.32,7.6876
2.33,7.7268
2.34,7.7661
2.35,7.8055
2.36,7.8448
2.37,7.8842
2.38,7.9236
2.39,7.963
2.4,8.0025
2.41,8.042
2.42,8.0815
2.43,8.1211
2.44,8.1606
2.45,8.2002
2.46,8.2399
2.47,8.2795
2.48,8.3192
2.49,8.359
2.5,8.3987
2.51,8.4385
2.52,8.4783
2.53,8.5181
2.54,8.5579
2.55,8.5978
2.56,8.6377
2.57,8.6777
2.58,8.7176
2.59,8.7576
2.6,8.7976
2.61,8.8377
2.62,8.8777
2.63,8.9178
2.64,8.9579
2.65,8.9981
2.66,9.0382
2.67,9.0784
2.68,9.1187
2.69,9.1589
2.7,9.1992
2.71,9.2395
2.72,9.2798
2.73,9.3201
2.74,9.3605
2.75,9.4009
2.76,9.4413
2.77,9.4817
2.78,9.5222
2.79,9.5627
2.8,9.6032
2.81,9.6438
2.82,9.6843
2.83,9.7249
2.84,9.7655
2.85,9.8062
2.86,9.8468
2.87,9.8875
2.88,9.9282
2.89,9.9689
2.9,10.01
2.91,10.05
2.92,10.091
2.93,10.132
2.94,10.173
2.95,10.214
2.96,10.255
2.97,10.296
2.98,10.336
2.99,10.377
3,10.418
3.01,10.459
3.02,10.5
3.03,10.541
3.04,10.583
3.05,10.624
3.06,10.665
3.07,10.706
3.08,10.747
3.09,10.788
3.1,10.829
3.11,10.871
3.12,10.912
3.13,10.953
3.14,10.994
3.15,11.036
3.16,11.077
3.17,11.118
3.18,11.16
3.19,11.201
3.2,11.242
3.21,11.284
3.22,11.325
3.23,11.367
3.24,11.408
3.25,11.45
3.26,11.491
3.27,11.533
3.28,11.574
3.29,11.616
3.3,11.657
3.31,11.699
3.32,11.741
3.33,11.782
3.34,11.824
3.35,11.866
3.36,11.907
3.37,11.949
3.38,11.991
3.39,12.033
3.4,12.074
3.41,12.116
3.42,12.158
3.43,12.2
3.44,12.242
3.45,12.283
3.46,12.325
3.47,12.367
3.48,12.409
3.49,12.451
3.5,12.493
3.51,12.535
3.52,12.577
3.53,12.619
3.54,12.661
3.55,12.703
3.56,12.745
3.57,12.787
3.58,12.829
3.59,12.871
3.6,12.913
3.61,12.956
3.62,12.998
3.63,13.04
3.64,13.082
3.65,13.124
3.66,13.166
3.67,13.209
3.68,13.251
3.69,13.293
3.7,13.335
3.71,13.378
3.72,13.42
3.73,13.462
3.74,13.505
3.75,13.547
3.76,13.589
3.77,13.632
3.78,13.674
3.79,13.716
3.8,13.759
3.81,13.801
3.82,13.844
3.83,13.886
3.84,13.929
3.85,13.971
3.86,14.014
3.87,14.056
3.88,14.099
3.89,14.141
3.9,14.184
3.91,14.226
3.92,14.269
3.93,14.311
3.94,14.354
3.95,14.397
3.96,14.439
3.97,14.482
3.98,14.525
3.99,14.567
4,14.61
4.01,14.653
4.02,14.695
4.03,14.738
4.04,14.781
4.05,14.824
4.06,14.866
4.07,14.909
4.08,14.952
4.09,14.995
4.1,15.037
4.11,15.08
4.12,15.123
4.13,15.166
4.14,15.209
4.15,15.252
4.16,15.294
4.17,15.337
4.18,15.38
4.19,15.423
4.2,15.466
4.21,15.509
4.22,15.552
4.23,15.595
4.24,15.638
4.25,15.681
4.26,15.724
4.27,15.767
4.28,15.81
4.29,15.853
4.3,15.896
4.31,15.939
4.32,15.982
4.33,16.025
4.34,16.068
4.35,16.111
4.36,16.154
4.37,16.197
4.38,16.24
4.39,16.283
4.4,16.326
4.41,16.369
4.42,16.412
4.43,16.456
4.44,16.499
4.45,16.542
4.46,16.585
4.47,16.628
4.48,16.671
4.49,16.715
4.5,16.758
4.51,16.801
4.52,16.844
4.53,16.887
4.54,16.931
4.55,16.974
4.56,17.017
4.57,17.06
4.58,17.103
4.59,17.147
4.6,17.19
4.61,17.233
4.62,17.277
4.63,17.32
4.64,17.363
4.65,17.406
4.66,17.45
4.67,17.493
4.68,17.536
4.69,17.58
4.7,17.623
4.71,17.666
4.72,17.71
4.73,17.753
4.74,17.796
4.75,17.84
4.76,17.883
4.77,17.927
4.78,17.97
4.79,18.013
4.8,18.057
4.81,18.1
4.82,18.143
4.83,18.187
4.84,18.23
4.85,18.274
4.86,18.317
4.87,18.361
4.88,18.404
4.89,18.447
4.9,18.491
4.91,18.534
4.92,18.578
4.93,18.621
4.94,18.665
4.95,18.708
4.96,18.752
4.97,18.795
4.98,18.839
4.99,18.882
5,18.926
5.01,18.969
5.02,19.013
5.03,19.056
5.04,19.1
5.05,19.143
5.06,19.187
5.07,19.23
5.08,19.274
5.09,19.317
5.1,19.361
5.11,19.404
5.12,19.448
5.13,19.491
5.14,19.535
5.15,19.578
5.16,19.622
5.17,19.666
5.18,19.709
5.19,19.753
5.2,19.796
5.21,19.84
5.22,19.883
5.23,19.927
5.24,19.971
5.25,20.014
5.26,20.058
5.27,20.101
5.28,20.145
5.29,20.188
5.3,20.232
5.31,20.276
5.32,20.319
5.33,20.363
5.34,20.406
5.35,20.45
5.36,20.494
5.37,20.537
5.38,20.581
5.39,20.624
5.4,20.668
5.41,20.712
5.42,20.755
5.43,20.799
5.44,20.842
5.45,20.886
5.46,20.93
5.47,20.973
5.48,21.017
5.49,21.06
5.5,21.104
5.51,21.148
5.52,21.191
5.53,21.235
5.54,21.278
5.55,21.322
5.56,21.366
5.57,21.409
5.58,21.453
5.59,21.497
5.6,21.54
5.61,21.584
5.62,21.627
5.63,21.671
5.64,21.715
5.65,21.758
5.66,21.802
5.67,21.845
5.68,21.889
5.69,21.933
5.7,21.976
5.71,22.02
5.72,22.063
5.73,22.107
5.74,22.151
5.75,22.194
5.76,22.238
5.77,22.282
5.78,22.325
5.79,22.369
5.8,22.412
5.81,22.456
5.82,22.5
5.83,22.543
5.84,22.587
5.85,22.63
5.86,22.674
5.87,22.717
5.88,22.761
5.89,22.805
5.9,22.848
5.91,22.892
5.92,22.935
5.93,22.979
5.94,23.023
5.95,23.066
5.96,23.11
5.97,23.153
5.98,23.197
5.99,23.24
6,23.284
6.01,23.327
6.02,23.371
6.03,23.415
6.04,23.458
6.05,23.502
6.06,23.545
6.07,23.589
6.08,23.632
6.09,23.676
6.1,23.719
6.11,23.763
6.12,23.806
6.13,23.85
6.14,23.893
6.15,23.937
6.16,23.98
6.17,24.024
6.18,24.067
6.19,24.111
6.2,24.154
6.21,24.198
6.22,24.241
6.23,24.285
6.24,24.328
6.25,24.372
6.26,24.415
6.27,24.459
6.28,24.502
6.29,24.546
6.3,24.589
6.31,24.633
6.32,24.676
6.33,24.719
6.34,24.763
6.35,24.806
6.36,24.85
6.37,24.893
6.38,24.937
6.39,24.98
6.4,25.023
6.41,25.067
6.42,25.11
6.43,25.154
6.44,25.197
6.45,25.24
6.46,25.284
6.47,25.327
6.48,25.37
6.49,25.414
6.5,25.457
6.51,25.5
6.52,25.544
6.53,25.587
6.54,25.63
6.55,25.674
6.56,25.717
6.57,25.76
6.58,25.804
6.59,25.847
6.6,25.89
6.61,25.934
6.62,25.977
6.63,26.02
6.64,26.063
6.65,26.107
6.66,26.15
6.67,26.193
6.68,26.236
6.69,26.28
6.7,26.323
6.71,26.366
6.72,26.409
6.73,26.453
6.74,26.496
6.75,26.539
6.76,26.582
6.77,26.625
6.78,26.668
6.79,26.712
6.8,26.755
6.81,26.798
6.82,26.841
6.83,26.884
6.84,26.927
6.85,26.97
6.86,27.014
6.87,27.057
6.88,27.1
6.89,27.143
6.9,27.186
6.91,27.229
6.92,27.272
6.93,27.315
6.94,27.358
6.95,27.401
6.96,27.444
6.97,27.487
6.98,27.53
6.99,27.573
7,27.616
7.01,27.659
7.02,27.702
7.03,27.745
7.04,27.788
7.05,27.831
7.06,27.874
7.07,27.917
7.08,27.96
7.09,28.003
7.1,28.046
7.11,28.089
7.12,28.132
7.13,28.175
7.14,28.218
7.15,28.26
7.16,28.303
7.17,28.346
7.18,28.389
7.19,28.432
7.2,28.475
7.21,28.517
7.22,28.56
7.23,28.603
7.24,28.646
7.25,28.689
7.26,28.731
7.27,28.774
7.28,28.817
7.29,28.86
7.3,28.902
7.31,28.945
7.32,28.988
7.33,29.031
7.34,29.073
7.35,29.116
7.36,29.159
7.37,29.201
7.38,29.244
7.39,29.287
7.4,29.329
7.41,29.372
7.42,29.414
7.43,29.457
7.44,29.5
7.45,29.542
7.46,29.585
7.47,29.627
7.48,29.67
7.49,29.712
7.5,29.755
7.51,29.797
7.52,29.84
7.53,29.882
7.54,29.925
7.55,29.967
7.56,30.01
7.57,30.052
7.58,30.095
7.59,30.137
7.6,30.18
7.61,30.222
7.62,30.264
7.63,30.307
7.64,30.349
7.65,30.392
7.66,30.434
7.67,30.476
7.68,30.519
7.69,30.561
7.7,30.603
7.71,30.646
7.72,30.688
7.73,30.73
7.74,30.772
7.75,30.815
7.76,30.857
7.77,30.899
7.78,30.941
7.79,30.984
7.8,31.026
7.81,31.068
7.82,31.11
7.83,31.152
7.84,31.194
7.85,31.237
7.86,31.279
7.87,31.321
7.88,31.363
7.89,31.405
7.9,31.447
7.91,31.489
7.92,31.531
7.93,31.573
7.94,31.615
7.95,31.657
7.96,31.699
7.97,31.741
7.98,31.783
7.99,31.825
8,31.867
8.01,31.909
8.02,31.951
8.03,31.993
8.04,32.035
8.05,32.077
8.06,32.118
8.07,32.16
8.08,32.202
8.09,32.244
8.1,32.286
8.11,32.328
8.12,32.369
8.13,32.411
8.14,32.453
8.15,32.495
8.16,32.536
8.17,32.578
8.18,32.62
8.19,32.661
8.2,32.703
8.21,32.745
8.22,32.786
8.23,32.828
8.24,32.87
8.25,32.911
8.26,32.953
8.27,32.995
8.28,33.036
8.29,33.078
8.3,33.119
8.31,33.161
8.32,33.202
8.33,33.244
8.34,33.285
8.35,33.327
8.36,33.368
8.37,33.41
8.38,33.451
8.39,33.493
8.4,33.534
8.41,33.575
8.42,33.617
8.43,33.658
8.44,33.699
8.45,33.741
8.46,33.782
8.47,33.823
8.48,33.865
8.49,33.906
8.5,33.947
8.51,33.988
8.52,34.03
8.53,34.071
8.54,34.112
8.55,34.153
8.56,34.194
8.57,34.236
8.58,34.277
8.59,34.318
8.6,34.359
8.61,34.4
8.62,34.441
8.63,34.482
8.64,34.523
8.65,34.564
8.66,34.605
8.67,34.646
8.68,34.687
8.69,34.728
8.7,34.769
8.71,34.81
8.72,34.851
8.73,34.892
8.74,34.933
8.75,34.974
8.76,35.015
8.77,35.056
8.78,35.096
8.79,35.137
8.8,35.178
8.81,35.219
8.82,35.26
8.83,35.3
8.84,35.341
8.85,35.382
8.86,35.423
8.87,35.463
8.88,35.504
8.89,35.545
8.9,35.585
8.91,35.626
8.92,35.667
8.93,35.707
8.94,35.748
8.95,35.788
8.96,35.829
8.97,35.869
8.98,35.91
8.99,35.95
9,35.991
9.01,36.031
9.02,36.072
9.03,36.112
9.04,36.153
9.05,36.193
9.06,36.234
9.07,36.274
9.08,36.314
9.09,36.355
9.1,36.395
9.11,36.435
9.12,36.476
9.13,36.516
9.14,36.556
9.15,36.596
9.16,36.637
9.17,36.677
9.18,36.717
9.19,36.757
9.2,36.797
9.21,36.837
9.22,36.878
9.23,36.918
9.24,36.958
9.25,36.998
9.26,37.038
9.27,37.078
9.28,37.118
9.29,37.158
9.3,37.198
9.31,37.238
9.32,37.278
9.33,37.318
9.34,37.358
9.35,37.398
9.36,37.438
9.37,37.477
9.38,37.517
9.39,37.557
9.4,37.597
9.41,37.637
9.42,37.677
9.43,37.716
9.44,37.756
9.45,37.796
9.46,37.836
9.47,37.875
9.48,37.915
9.49,37.955
9.5,37.994
9.51,38.034
9.52,38.073
9.53,38.113
9.54,38.153
9.55,38.192
9.56,38.232
9.57,38.271
9.58,38.311
9.59,38.35
9.6,38.39
9.61,38.429
9.62,38.469
9.63,38.508
9.64,38.547
9.65,38.587
9.66,38.626
9.67,38.665
9.68,38.705
9.69,38.744
9.7,38.783
9.71,38.823
9.72,38.862
9.73,38.901
9.74,38.94
9.75,38.98
9.76,39.019
9.77,39.058
9.78,39.097
9.79,39.136
9.8,39.175
9.81,39.214
9.82,39.253
9.83,39.292
9.84,39.332
9.85,39.371
9.86,39.41
9.87,39.448
9.88,39.487
9.89,39.526
9.9,39.565
9.91,39.604
9.92,39.643
9.93,39.682
9.94,39.721
9.95,39.76
9.96,39.798
9.97,39.837
9.98,39.876
9.99,39.915
10,39.954
10.01,39.992
10.02,40.031
10.03,40.07
10.04,40.108
10.05,40.147
10.06,40.186
10.07,40.224
10.08,40.263
10.09,40.301
10.1,40.34
10.11,40.378
10.12,40.417
10.13,40.455
10.14,40.494
10.15,40.532
10.16,40.571
10.17,40.609
10.18,40.648
10.19,40.686
10.2,40.724
10.21,40.763
10.22,40.801
10.23,40.839
10.24,40.877
10.25,40.916
10.26,40.954
10.27,40.992
10.28,41.03
10.29,41.069
10.3,41.107
10.31,41.145
10.32,41.183
10.33,41.221
10.34,41.259
10.35,41.297
10.36,41.335
10.37,41.373
10.38,41.411
10.39,41.449
10.4,41.487
10.41,41.525
10.42,41.563
10.43,41.601
10.44,41.639
10.45,41.677
10.46,41.715
10.47,41.753
10.48,41.79
10.49,41.828
10.5,41.866
10.51,41.904
10.52,41.941
10.53,41.979
10.54,42.017
10.55,42.055
10.56,42.092
10.57,42.13
10.58,42.167
10.59,42.205
10.6,42.243
10.61,42.28
10.62,42.318
10.63,42.355
10.64,42.393
10.65,42.43
10.66,42.468
10.67,42.505
10.68,42.542
10.69,42.58
10.7,42.617
10.71,42.655
10.72,42.692
10.73,42.729
10.74,42.767
10.75,42.804
10.76,42.841
10.77,42.878
10.78,42.915
10.79,42.953
10.8,42.99
10.81,43.027
10.82,43.064
10.83,43.101
10.84,43.138
10.85,43.175
10.86,43.212
10.87,43.25
10.88,43.287
10.89,43.324
10.9,43.36
10.91,43.397
10.92,43.434
10.93,43.471
10.94,43.508
10.95,43.545
10.96,43.582
10.97,43.619
10.98,43.655
10.99,43.692
11,43.729
11.01,43.766
11.02,43.803
11.03,43.839
11.04,43.876
11.05,43.913
11.06,43.949
11.07,43.986
11.08,44.022
11.09,44.059
11.1,44.096
11.11,44.132
11.12,44.169
11.13,44.205
11.14,44.242
11.15,44.278
11.16,44.315
11.17,44.351
11.18,44.387
11.19,44.424
11.2,44.46
11.21,44.496
11.22,44.533
11.23,44.569
11.24,44.605
11.25,44.641
11.26,44.678
11.27,44.714
11.28,44.75
11.29,44.786
11.3,44.822
11.31,44.859
11.32,44.895
11.33,44.931
11.34,44.967
11.35,45.003
11.36,45.039
11.37,45.075
11.38,45.111
11.39,45.147
11.4,45.183
11.41,45.219
11.42,45.255
11.43,45.29
11.44,45.326
11.45,45.362
11.46,45.398
11.47,45.434
11.48,45.469
11.49,45.505
11.5,45.541
11.51,45.577
11.52,45.612
11.53,45.648
11.54,45.684
11.55,45.719
11.56,45.755
11.57,45.79
11.58,45.826
11.59,45.861
11.6,45.897
11.61,45.932
11.62,45.968
11.63,46.003
11.64,46.039
11.65,46.074
11.66,46.11
11.67,46.145
11.68,46.18
11.69,46.216
11.7,46.251
11.71,46.286
11.72,46.321
11.73,46.357
11.74,46.392
11.75,46.427
11.76,46.462
11.77,46.497
11.78,46.533
11.79,46.568
11.8,46.603
11.81,46.638
11.82,46.673
11.83,46.708
11.84,46.743
11.85,46.778
11.86,46.813
11.87,46.848
11.88,46.883
11.89,46.918
11.9,46.952
11.91,46.987
11.92,47.022
11.93,47.057
11.94,47.092
11.95,47.127
11.96,47.161
11.97,47.196
11.98,47.231
11.99,47.265
12,47.3
12.01,47.335
12.02,47.369
12.03,47.404
12.04,47.438
12.05,47.473
12.06,47.507
12.07,47.542
12.08,47.576
12.09,47.611
12.1,47.645
12.11,47.68
12.12,47.714
12.13,47.749
12.14,47.783
12.15,47.817
12.16,47.852
12.17,47.886
12.18,47.92
12.19,47.954
12.2,47.989
12.21,48.023
12.22,48.057
12.23,48.091
12.24,48.125
12.25,48.159
12.26,48.194
12.27,48.228
12.28,48.262
12.29,48.296
12.3,48.33
12.31,48.364
12.32,48.398
12.33,48.432
12.34,48.465
12.35,48.499
12.36,48.533
12.37,48.567
12.38,48.601
12.39,48.635
12.4,48.669
12.41,48.702
12.42,48.736
12.43,48.77
12.44,48.803
12.45,48.837
12.46,48.871
12.47,48.904
12.48,48.938
12.49,48.972
12.5,49.005
12.51,49.039
12.52,49.072
12.53,49.106
12.54,49.139
12.55,49.173
12.56,49.206
12.57,49.24
12.58,49.273
12.59,49.306
12.6,49.34
12.61,49.373
12.62,49.406
12.63,49.44
12.64,49.473
12.65,49.506
12.66,49.539
12.67,49.573
12.68,49.606
12.69,49.639
12.7,49.672
12.71,49.705
12.72,49.738
12.73,49.771
12.74,49.804
12.75,49.837
12.76,49.87
12.77,49.903
12.78,49.936
12.79,49.969
12.8,50.002
12.81,50.035
12.82,50.068
12.83,50.101
12.84,50.134
12.85,50.166
12.86,50.199
12.87,50.232
12.88,50.265
12.89,50.297
12.9,50.33
12.91,50.363
12.92,50.395
12.93,50.428
12.94,50.461
12.95,50.493
12.96,50.526
12.97,50.558
12.98,50.591
12.99,50.623
13,50.656
13.01,50.688
13.02,50.721
13.03,50.753
13.04,50.786
13.05,50.818
13.06,50.85
13.07,50.883
13.08,50.915
13.09,50.947
13.1,50.979
13.11,51.012
13.12,51.044
13.13,51.076
13.14,51.108
13.15,51.14
13.16,51.173
13.17,51.205
13.18,51.237
13.19,51.269
13.2,51.301
13.21,51.333
13.22,51.365
13.23,51.397
13.24,51.429
13.25,51.461
13.26,51.493
13.27,51.524
13.28,51.556
13.29,51.588
13.3,51.62
13.31,51.652
13.32,51.684
13.33,51.715
13.34,51.747
13.35,51.779
13.36,51.81
13.37,51.842
13.38,51.874
13.39,51.905
13.4,51.937
13.41,51.968
13.42,52
13.43,52.032
13.44,52.063
13.45,52.095
13.46,52.126
13.47,52.157
13.48,52.189
13.49,52.22
13.5,52.252
13.51,52.283
13.52,52.314
13.53,52.346
13.54,52.377
13.55,52.408
13.56,52.439
13.57,52.471
13.58,52.502
13.59,52.533
13.6,52.564
13.61,52.595
13.62,52.626
13.63,52.658
13.64,52.689
13.65,52.72
13.66,52.751
13.67,52.782
13.68,52.813
13.69,52.844
13.7,52.875
13.71,52.905
13.72,52.936
13.73,52.967
13.74,52.998
13.75,53.029
13.76,53.06
13.77,53.09
13.78,53.121
13.79,53.152
13.8,53.183
13.81,53.213
13.82,53.244
13.83,53.275
13.84,53.305
13.85,53.336
13.86,53.367
13.87,53.397
13.88,53.428
13.89,53.458
13.9,53.489
13.91,53.519
13.92,53.55
13.93,53.58
13.94,53.61
13.95,53.641
13.96,53.671
13.97,53.702
13.98,53.732
13.99,53.762
14,53.792
14.01,53.823
14.02,53.853
14.03,53.883
14.04,53.913
14.05,53.944
14.06,53.974
14.07,54.004
14.08,54.034
14.09,54.064
14.1,54.094
14.11,54.124
14.12,54.154
14.13,54.184
14.14,54.214
14.15,54.244
14.16,54.274
14.17,54.304
14.18,54.334
14.19,54.364
14.2,54.393
14.21,54.423
14.22,54.453
14.23,54.483
14.24,54.513
14.25,54.542
14.26,54.572
14.27,54.602
14.28,54.631
14.29,54.661
14.3,54.691
14.31,54.72
14.32,54.75
14.33,54.779
14.34,54.809
14.35,54.838
14.36,54.868
14.37,54.897
14.38,54.927
14.39,54.956
14.4,54.986
14.41,55.015
14.42,55.044
14.43,55.074
14.44,55.103
14.45,55.132
14.46,55.162
14.47,55.191
14.48,55.22
14.49,55.249
14.5,55.279
14.51,55.308
14.52,55.337
14.53,55.366
14.54,55.395
14.55,55.424
14.56,55.453
14.57,55.482
14.58,55.511
14.59,55.54
14.6,55.569
14.61,55.598
14.62,55.627
14.63,55.656
14.64,55.685
14.65,55.714
14.66,55.743
14.67,55.772
14.68,55.8
14.69,55.829
14.7,55.858
14.71,55.887
14.72,55.915
14.73,55.944
14.74,55.973
14.75,56.001
14.76,56.03
14.77,56.059
14.78,56.087
14.79,56.116
14.8,56.144
14.81,56.173
14.82,56.201
14.83,56.23
14.84,56.258
14.85,56.287
14.86,56.315
14.87,56.343
14.88,56.372
14.89,56.4
14.9,56.428
14.91,56.457
14.92,56.485
14.93,56.513
14.94,56.542
14.95,56.57
14.96,56.598
14.97,56.626
14.98,56.654
14.99,56.682
15,56.711
15.01,56.739
15.02,56.767
15.03,56.795
15.04,56.823
15.05,56.851
15.06,56.879
15.07,56.907
15.08,56.935
15.09,56.963
15.1,56.991
15.11,57.018
15.12,57.046
15.13,57.074
15.14,57.102
15.15,57.13
15.16,57.158
15.17,57.185
15.18,57.213
15.19,57.241
15.2,57.268
15.21,57.296
15.22,57.324
15.23,57.351
15.24,57.379
15.25,57.407
15.26,57.434
15.27,57.462
15.28,57.489
15.29,57.517
15.3,57.544
15.31,57.572
15.32,57.599
15.33,57.626
15.34,57.654
15.35,57.681
15.36,57.709
15.37,57.736
15.38,57.763
15.39,57.791
15.4,57.818
15.41,57.845
15.42,57.872
15.43,57.899
15.44,57.927
15.45,57.954
15.46,57.981
15.47,58.008
15.48,58.035
15.49,58.062
15.5,58.089
15.51,58.116
15.52,58.143
15.53,58.17
15.54,58.197
15.55,58.224
15.56,58.251
15.57,58.278
15.58,58.305
15.59,58.332
15.6,58.359
15.61,58.386
15.62,58.412
15.63,58.439
15.64,58.466
15.65,58.493
15.66,58.519
15.67,58.546
15.68,58.573
15.69,58.599
15.7,58.626
15.71,58.653
15.72,58.679
15.73,58.706
15.74,58.732
15.75,58.759
15.76,58.785
15.77,58.812
15.78,58.838
15.79,58.865
15.8,58.891
15.81,58.918
15.82,58.944
15.83,58.971
15.84,58.997
15.85,59.023
15.86,59.049
15.87,59.076
15.88,59.102
15.89,59.128
15.9,59.155
15.91,59.181
15.92,59.207
15.93,59.233
15.94,59.259
15.95,59.285
15.96,59.311
15.97,59.338
15.98,59.364
15.99,59.39
16,59.416
16.01,59.442
16.02,59.468
16.03,59.494
16.04,59.52
16.05,59.545
16.06,59.571
16.07,59.597
16.08,59.623
16.09,59.649
16.1,59.675
16.11,59.701
16.12,59.726
16.13,59.752
16.14,59.778
16.15,59.804
16.16,59.829
16.17,59.855
16.18,59.881
16.19,59.906
16.2,59.932
16.21,59.957
16.22,59.983
16.23,60.009
16.24,60.034
16.25,60.06
16.26,60.085
16.27,60.111
16.28,60.136
16.29,60.162
16.3,60.187
16.31,60.212
16.32,60.238
16.33,60.263
16.34,60.288
16.35,60.314
16.36,60.339
16.37,60.364
16.38,60.39
16.39,60.415
16.4,60.44
16.41,60.465
16.42,60.49
16.43,60.515
16.44,60.541
16.45,60.566
16.46,60.591
16.47,60.616
16.48,60.641
16.49,60.666
16.5,60.691
16.51,60.716
16.52,60.741
16.53,60.766
16.54,60.791
16.55,60.816
16.56,60.841
16.57,60.866
16.58,60.89
16.59,60.915
16.6,60.94
16.61,60.965
16.62,60.99
16.63,61.014
16.64,61.039
16.65,61.064
16.66,61.089
16.67,61.113
16.68,61.138
16.69,61.163
16.7,61.187
16.71,61.212
16.72,61.236
16.73,61.261
16.74,61.285
16.75,61.31
16.76,61.334
16.77,61.359
16.78,61.383
16.79,61.408
16.8,61.432
16.81,61.457
16.82,61.481
16.83,61.505
16.84,61.53
16.85,61.554
16.86,61.578
16.87,61.603
16.88,61.627
16.89,61.651
16.9,61.675
16.91,61.7
16.92,61.724
16.93,61.748
16.94,61.772
16.95,61.796
16.96,61.82
16.97,61.845
16.98,61.869
16.99,61.893
17,61.917
17.01,61.941
17.02,61.965
17.03,61.989
17.04,62.013
17.05,62.037
17.06,62.06
17.07,62.084
17.08,62.108
17.09,62.132
17.1,62.156
17.11,62.18
17.12,62.204
17.13,62.227
17.14,62.251
17.15,62.275
17.16,62.299
17.17,62.322
17.18,62.346
17.19,62.37
17.2,62.393
17.21,62.417
17.22,62.441
17.23,62.464
17.24,62.488
17.25,62.511
17.26,62.535
17.27,62.558
17.28,62.582
17.29,62.605
17.3,62.629
17.31,62.652
17.32,62.676
17.33,62.699
17.34,62.723
17.35,62.746
17.36,62.769
17.37,62.793
17.38,62.816
17.39,62.839
17.4,62.862
17.41,62.886
17.42,62.909
17.43,62.932
17.44,62.955
17.45,62.979
17.46,63.002
17.47,63.025
17.48,63.048
17.49,63.071
17.5,63.094
17.51,63.117
17.52,63.14
17.53,63.163
17.54,63.186
17.55,63.209
17.56,63.232
17.57,63.255
17.58,63.278
17.59,63.301
17.6,63.324
17.61,63.347
17.62,63.37
17.63,63.393
17.64,63.416
17.65,63.438
17.66,63.461
17.67,63.484
17.68,63.507
17.69,63.529
17.7,63.552
17.71,63.575
17.72,63.598
17.73,63.62
17.74,63.643
17.75,63.666
17.76,63.688
17.77,63.711
17.78,63.733
17.79,63.756
17.8,63.778
17.81,63.801
17.82,63.823
17.83,63.846
17.84,63.868
17.85,63.891
17.86,63.913
17.87,63.936
17.88,63.958
17.89,63.98
17.9,64.003
17.91,64.025
17.92,64.047
17.93,64.07
17.94,64.092
17.95,64.114
17.96,64.137
17.97,64.159
17.98,64.181
17.99,64.203
18,64.225
18.01,64.248
18.02,64.27
18.03,64.292
18.04,64.314
18.05,64.336
18.06,64.358
18.07,64.38
18.08,64.402
18.09,64.424
18.1,64.446
18.11,64.468
18.12,64.49
18.13,64.512
18.14,64.534
18.15,64.556
18.16,64.578
18.17,64.6
18.18,64.622
18.19,64.643
18.2,64.665
18.21,64.687
18.22,64.709
18.23,64.731
18.24,64.752
18.25,64.774
18.26,64.796
18.27,64.818
18.28,64.839
18.29,64.861
18.3,64.883
18.31,64.904
18.32,64.926
18.33,64.947
18.34,64.969
18.35,64.991
18.36,65.012
18.37,65.034
18.38,65.055
18.39,65.077
18.4,65.098
18.41,65.12
18.42,65.141
18.43,65.162
18.44,65.184
18.45,65.205
18.46,65.227
18.47,65.248
18.48,65.269
18.49,65.291
18.5,65.312
18.51,65.333
18.52,65.354
18.53,65.376
18.54,65.397
18.55,65.418
18.56,65.439
18.57,65.461
18.58,65.482
18.59,65.503
18.6,65.524
18.61,65.545
18.62,65.566
18.63,65.587
18.64,65.608
18.65,65.629
18.66,65.651
18.67,65.672
18.68,65.693
18.69,65.714
18.7,65.734
18.71,65.755
18.72,65.776
18.73,65.797
18.74,65.818
18.75,65.839
18.76,65.86
18.77,65.881
18.78,65.902
18.79,65.922
18.8,65.943
18.81,65.964
18.82,65.985
18.83,66.006
18.84,66.026
18.85,66.047
18.86,66.068
18.87,66.088
18.88,66.109
18.89,66.13
18.9,66.15
18.91,66.171
18.92,66.192
18.93,66.212
18.94,66.233
18.95,66.253
18.96,66.274
18.97,66.294
18.98,66.315
18.99,66.335
19,66.356
19.01,66.376
19.02,66.397
19.03,66.417
19.04,66.438
19.05,66.458
19.06,66.478
19.07,66.499
19.08,66.519
19.09,66.539
19.1,66.56
19.11,66.58
19.12,66.6
19.13,66.62
19.14,66.641
19.15,66.661
19.16,66.681
19.17,66.701
19.18,66.722
19.19,66.742
19.2,66.762
19.21,66.782
19.22,66.802
19.23,66.822
19.24,66.842
19.25,66.862
19.26,66.882
19.27,66.902
19.28,66.922
19.29,66.942
19.3,66.962
19.31,66.982
19.32,67.002
19.33,67.022
19.34,67.042
19.35,67.062
19.36,67.082
19.37,67.102
19.38,67.122
19.39,67.142
19.4,67.161
19.41,67.181
19.42,67.201
19.43,67.221
19.44,67.241
19.45,67.26
19.46,67.28
19.47,67.3
19.48,67.32
19.49,67.339
19.5,67.359
19.51,67.379
19.52,67.398
19.53,67.418
19.54,67.437
19.55,67.457
19.56,67.477
19.57,67.496
19.58,67.516
19.59,67.535
19.6,67.555
19.61,67.574
19.62,67.594
19.63,67.613
19.64,67.633
19.65,67.652
19.66,67.672
19.67,67.691
19.68,67.71
19.69,67.73
19.7,67.749
19.71,67.769
19.72,67.788
19.73,67.807
19.74,67.827
19.75,67.846
19.76,67.865
19.77,67.884
19.78,67.904
19.79,67.923
19.8,67.942
19.81,67.961
19.82,67.981
19.83,68
19.84,68.019
19.85,68.038
19.86,68.057
19.87,68.076
19.88,68.095
19.89,68.114
19.9,68.133
19.91,68.153
19.92,68.172
19.93,68.191
19.94,68.21
19.95,68.229
19.96,68.248
19.97,68.267
19.98,68.286
19.99,68.304
20,68.323
20.01,68.342
20.02,68.361
20.03,68.38
20.04,68.399
20.05,68.418
20.06,68.437
20.07,68.455
20.08,68.474
20.09,68.493
20.1,68.512
20.11,68.531
20.12,68.549
20.13,68.568
20.14,68.587
20.15,68.606
20.16,68.624
20.17,68.643
20.18,68.662
20.19,68.68
20.2,68.699
20.21,68.717
20.22,68.736
20.23,68.755
20.24,68.773
20.25,68.792
20.26,68.81
20.27,68.829
20.28,68.847
20.29,68.866
20.3,68.884
20.31,68.903
20.32,68.921
20.33,68.94
20.34,68.958
20.35,68.977
20.36,68.995
20.37,69.013
20.38,69.032
20.39,69.05
20.4,69.069
20.41,69.087
20.42,69.105
20.43,69.123
20.44,69.142
20.45,69.16
20.46,69.178
20.47,69.197
20.48,69.215
20.49,69.233
20.5,69.251
20.51,69.269
20.52,69.288
20.53,69.306
20.54,69.324
20.55,69.342
20.56,69.36
20.57,69.378
20.58,69.396
20.59,69.415
20.6,69.433
20.61,69.451
20.62,69.469
20.63,69.487
20.64,69.505
20.65,69.523
20.66,69.541
20.67,69.559
20.68,69.577
20.69,69.595
20.7,69.613
20.71,69.631
20.72,69.648
20.73,69.666
20.74,69.684
20.75,69.702
20.76,69.72
20.77,69.738
20.78,69.756
20.79,69.774
20.8,69.791
20.81,69.809
20.82,69.827
20.83,69.845
20.84,69.862
20.85,69.88
20.86,69.898
20.87,69.916
20.88,69.933
20.89,69.951
20.9,69.969
20.91,69.986
20.92,70.004
20.93,70.022
20.94,70.039
20.95,70.057
20.96,70.074
20.97,70.092
20.98,70.11
20.99,70.127
21,70.145
21.01,70.162
21.02,70.18
21.03,70.197
21.04,70.215
21.05,70.232
21.06,70.25
21.07,70.267
21.08,70.285
21.09,70.302
21.1,70.319
21.11,70.337
21.12,70.354
21.13,70.372
21.14,70.389
21.15,70.406
21.16,70.424
21.17,70.441
21.18,70.458
21.19,70.476
21.2,70.493
21.21,70.51
21.22,70.527
21.23,70.545
21.24,70.562
21.25,70.579
21.26,70.596
21.27,70.614
21.28,70.631
21.29,70.648
21.3,70.665
21.31,70.682
21.32,70.699
21.33,70.716
21.34,70.734
21.35,70.751
21.36,70.768
21.37,70.785
21.38,70.802
21.39,70.819
21.4,70.836
21.41,70.853
21.42,70.87
21.43,70.887
21.44,70.904
21.45,70.921
21.46,70.938
21.47,70.955
21.48,70.972
21.49,70.989
21.5,71.006
21.51,71.023
21.52,71.039
21.53,71.056
21.54,71.073
21.55,71.09
21.56,71.107
21.57,71.124
21.58,71.141
21.59,71.157
21.6,71.174
21.61,71.191
21.62,71.208
21.63,71.225
21.64,71.241
21.65,71.258
21.66,71.275
21.67,71.291
21.68,71.308
21.69,71.325
21.7,71.342
21.71,71.358
21.72,71.375
21.73,71.391
21.74,71.408
21.75,71.425
21.76,71.441
21.77,71.458
21.78,71.475
21.79,71.491
21.8,71.508
21.81,71.524
21.82,71.541
21.83,71.557
21.84,71.574
21.85,71.59
21.86,71.607
21.87,71.623
21.88,71.64
21.89,71.656
21.9,71.673
21.91,71.689
21.92,71.705
21.93,71.722
21.94,71.738
21.95,71.755
21.96,71.771
21.97,71.787
21.98,71.804
21.99,71.82
22,71.836
22.01,71.853
22.02,71.869
22.03,71.885
22.04,71.902
22.05,71.918
22.06,71.934
22.07,71.95
22.08,71.967
22.09,71.983
22.1,71.999
22.11,72.015
22.12,72.032
22.13,72.048
22.14,72.064
22.15,72.08
22.16,72.096
22.17,72.112
22.18,72.129
22.19,72.145
22.2,72.161
22.21,72.177
22.22,72.193
22.23,72.209
22.24,72.225
22.25,72.241
22.26,72.257
22.27,72.273
22.28,72.289
22.29,72.305
22.3,72.321
22.31,72.337
22.32,72.353
22.33,72.369
22.34,72.385
22.35,72.401
22.36,72.417
22.37,72.433
22.38,72.449
22.39,72.465
22.4,72.481
22.41,72.497
22.42,72.513
22.43,72.528
22.44,72.544
22.45,72.56
22.46,72.576
22.47,72.592
22.48,72.608
22.49,72.623
22.5,72.639
22.51,72.655
22.52,72.671
22.53,72.686
22.54,72.702
22.55,72.718
22.56,72.734
22.57,72.749
22.58,72.765
22.59,72.781
22.6,72.796
22.61,72.812
22.62,72.828
22.63,72.843
22.64,72.859
22.65,72.875
22.66,72.89
22.67,72.906
22.68,72.922
22.69,72.937
22.7,72.953
22.71,72.968
22.72,72.984
22.73,72.999
22.74,73.015
22.75,73.031
22.76,73.046
22.77,73.062
22.78,73.077
22.79,73.093
22.8,73.108
22.81,73.124
22.82,73.139
22.83,73.154
22.84,73.17
22.85,73.185
22.86,73.201
22.87,73.216
22.88,73.232
22.89,73.247
22.9,73.262
22.91,73.278
22.92,73.293
22.93,73.308
22.94,73.324
22.95,73.339
22.96,73.354
22.97,73.37
22.98,73.385
22.99,73.4
23,73.416
23.01,73.431
23.02,73.446
23.03,73.462
23.04,73.477
23.05,73.492
23.06,73.507
23.07,73.522
23.08,73.538
23.09,73.553
23.1,73.568
23.11,73.583
23.12,73.598
23.13,73.614
23.14,73.629
23.15,73.644
23.16,73.659
23.17,73.674
23.18,73.689
23.19,73.704
23.2,73.72
23.21,73.735
23.22,73.75
23.23,73.765
23.24,73.78
23.25,73.795
23.26,73.81
23.27,73.825
23.28,73.84
23.29,73.855
23.3,73.87
23.31,73.885
23.32,73.9
23.33,73.915
23.34,73.93
23.35,73.945
23.36,73.96
23.37,73.975
23.38,73.99
23.39,74.005
23.4,74.02
23.41,74.034
23.42,74.049
23.43,74.064
23.44,74.079
23.45,74.094
23.46,74.109
23.47,74.124
23.48,74.139
23.49,74.153
23.5,74.168
23.51,74.183
23.52,74.198
23.53,74.213
23.54,74.227
23.55,74.242
23.56,74.257
23.57,74.272
23.58,74.287
23.59,74.301
23.6,74.316
23.61,74.331
23.62,74.346
23.63,74.36
23.64,74.375
23.65,74.39
23.66,74.404
23.67,74.419
23.68,74.434
23.69,74.448
23.7,74.463
23.71,74.478
23.72,74.492
23.73,74.507
23.74,74.522
23.75,74.536
23.76,74.551
23.77,74.565
23.78,74.58
23.79,74.595
23.8,74.609
23.81,74.624
23.82,74.638
23.83,74.653
23.84,74.667
23.85,74.682
23.86,74.696
23.87,74.711
23.88,74.725
23.89,74.74
23.9,74.754
23.91,74.769
23.92,74.783
23.93,74.798
23.94,74.812
23.95,74.827
23.96,74.841
23.97,74.856
23.98,74.87
23.99,74.884
24,74.899
24.01,74.913
24.02,74.928
24.03,74.942
24.04,74.956
24.05,74.971
24.06,74.985
24.07,74.999
24.08,75.014
24.09,75.028
24.1,75.042
24.11,75.057
24.12,75.071
24.13,75.085
24.14,75.1
24.15,75.114
24.16,75.128
24.17,75.143
24.18,75.157
24.19,75.171
24.2,75.185
24.21,75.2
24.22,75.214
24.23,75.228
24.24,75.242
24.25,75.256
24.26,75.271
24.27,75.285
24.28,75.299
24.29,75.313
24.3,75.327
24.31,75.342
24.32,75.356
24.33,75.37
24.34,75.384
24.35,75.398
24.36,75.412
24.37,75.426
24.38,75.44
24.39,75.455
24.4,75.469
24.41,75.483
24.42,75.497
24.43,75.511
24.44,75.525
24.45,75.539
24.46,75.553
24.47,75.567
24.48,75.581
24.49,75.595
24.5,75.609
24.51,75.623
24.52,75.637
24.53,75.651
24.54,75.665
24.55,75.679
24.56,75.693
24.57,75.707
24.58,75.721
24.59,75.735
24.6,75.749
24.61,75.763
24.62,75.777
24.63,75.791
24.64,75.805
24.65,75.819
24.66,75.833
24.67,75.847
24.68,75.86
24.69,75.874
24.7,75.888
24.71,75.902
24.72,75.916
24.73,75.93
24.74,75.944
24.75,75.958
24.76,75.971
24.77,75.985
24.78,75.999
24.79,76.013
24.8,76.027
24.81,76.04
24.82,76.054
24.83,76.068
24.84,76.082
24.85,76.096
24.86,76.109
24.87,76.123
24.88,76.137
24.89,76.151
24.9,76.164
24.91,76.178
24.92,76.192
24.93,76.206
24.94,76.219
24.95,76.233
24.96,76.247
24.97,76.26
24.98,76.274
24.99,76.288
25,76.301
25.01,76.315
25.02,76.329
25.03,76.342
25.04,76.356
25.05,76.37
25.06,76.383
25.07,76.397
25.08,76.411
25.09,76.424
25.1,76.438
25.11,76.451
25.12,76.465
25.13,76.479
25.14,76.492
25.15,76.506
25.16,76.519
25.17,76.533
25.18,76.547
25.19,76.56
25.2,76.574
25.21,76.587
25.22,76.601
25.23,76.614
25.24,76.628
25.25,76.641
25.26,76.655
25.27,76.668
25.28,76.682
25.29,76.695
25.3,76.709
25.31,76.722
25.32,76.736
25.33,76.749
25.34,76.763
25.35,76.776
25.36,76.79
25.37,76.803
25.38,76.816
25.39,76.83
25.4,76.843
25.41,76.857
25.42,76.87
25.43,76.884
25.44,76.897
25.45,76.91
25.46,76.924
25.47,76.937
25.48,76.95
25.49,76.964
25.5,76.977
25.51,76.991
25.52,77.004
25.53,77.017
25.54,77.031
25.55,77.044
25.56,77.057
25.57,77.071
25.58,77.084
25.59,77.097
25.6,77.111
25.61,77.124
25.62,77.137
25.63,77.15
25.64,77.164
25.65,77.177
25.66,77.19
25.67,77.204
25.68,77.217
25.69,77.23
25.7,77.243
25.71,77.257
25.72,77.27
25.73,77.283
25.74,77.296
25.75,77.31
25.76,77.323
25.77,77.336
25.78,77.349
25.79,77.362
25.8,77.376
25.81,77.389
25.82,77.402
25.83,77.415
25.84,77.428
25.85,77.441
25.86,77.455
25.87,77.468
25.88,77.481
25.89,77.494
25.9,77.507
25.91,77.52
25.92,77.533
25.93,77.547
25.94,77.56
25.95,77.573
25.96,77.586
25.97,77.599
25.98,77.612
25.99,77.625
26,77.638
26.01,77.651
26.02,77.664
26.03,77.678
26.04,77.691
26.05,77.704
26.06,77.717
26.07,77.73
26.08,77.743
26.09,77.756
26.1,77.769
26.11,77.782
26.12,77.795
26.13,77.808
26.14,77.821
26.15,77.834
26.16,77.847
26.17,77.86
26.18,77.873
26.19,77.886
26.2,77.899
26.21,77.912
26.22,77.925
26.23,77.938
26.24,77.951
26.25,77.964
26.26,77.977
26.27,77.99
26.28,78.003
26.29,78.016
26.3,78.029
26.31,78.042
26.32,78.054
26.33,78.067
26.34,78.08
26.35,78.093
26.36,78.106
26.37,78.119
26.38,78.132
26.39,78.145
26.4,78.158
26.41,78.171
26.42,78.183
26.43,78.196
26.44,78.209
26.45,78.222
26.46,78.235
26.47,78.248
26.48,78.261
26.49,78.273
26.5,78.286
26.51,78.299
26.52,78.312
26.53,78.325
26.54,78.338
26.55,78.35
26.56,78.363
26.57,78.376
26.58,78.389
26.59,78.402
26.6,78.414
26.61,78.427
26.62,78.44
26.63,78.453
26.64,78.466
26.65,78.478
26.66,78.491
26.67,78.504
26.68,78.517
26.69,78.529
26.7,78.542
26.71,78.555
26.72,78.568
26.73,78.58
26.74,78.593
26.75,78.606
26.76,78.619
26.77,78.631
26.78,78.644
26.79,78.657
26.8,78.669
26.81,78.682
26.82,78.695
26.83,78.708
26.84,78.72
26.85,78.733
26.86,78.746
26.87,78.758
26.88,78.771
26.89,78.784
26.9,78.796
26.91,78.809
26.92,78.822
26.93,78.834
26.94,78.847
26.95,78.86
26.96,78.872
26.97,78.885
26.98,78.898
26.99,78.91
27,78.923
27.01,78.935
27.02,78.948
27.03,78.961
27.04,78.973
27.05,78.986
27.06,78.998
27.07,79.011
27.08,79.024
27.09,79.036
27.1,79.049
27.11,79.061
27.12,79.074
27.13,79.087
27.14,79.099
27.15,79.112
27.16,79.124
27.17,79.137
27.18,79.149
27.19,79.162
27.2,79.174
27.21,79.187
27.22,79.2
27.23,79.212
27.24,79.225
27.25,79.237
27.26,79.25
27.27,79.262
27.28,79.275
27.29,79.287
27.3,79.3
27.31,79.312
27.32,79.325
27.33,79.337
27.34,79.35
27.35,79.362
27.36,79.375
27.37,79.387
27.38,79.4
27.39,79.412
27.4,79.425
27.41,79.437
27.42,79.45
27.43,79.462
27.44,79.474
27.45,79.487
27.46,79.499
27.47,79.512
27.48,79.524
27.49,79.537
27.5,79.549
27.51,79.562
27.52,79.574
27.53,79.586
27.54,79.599
27.55,79.611
27.56,79.624
27.57,79.636
27.58,79.649
27.59,79.661
27.6,79.673
27.61,79.686
27.62,79.698
27.63,79.711
27.64,79.723
27.65,79.735
27.66,79.748
27.67,79.76
27.68,79.772
27.69,79.785
27.7,79.797
27.71,79.81
27.72,79.822
27.73,79.834
27.74,79.847
27.75,79.859
27.76,79.871
27.77,79.884
27.78,79.896
27.79,79.908
27.8,79.921
27.81,79.933
27.82,79.945
27.83,79.958
27.84,79.97
27.85,79.982
27.86,79.995
27.87,80.007
27.88,80.019
27.89,80.032
27.9,80.044
27.91,80.056
27.92,80.069
27.93,80.081
27.94,80.093
27.95,80.105
27.96,80.118
27.97,80.13
27.98,80.142
27.99,80.155
28,80.167
28.01,80.179
28.02,80.191
28.03,80.204
28.04,80.216
28.05,80.228
28.06,80.24
28.07,80.253
28.08,80.265
28.09,80.277
28.1,80.289
28.11,80.302
28.12,80.314
28.13,80.326
28.14,80.338
28.15,80.351
28.16,80.363
28.17,80.375
28.18,80.387
28.19,80.4
28.2,80.412
28.21,80.424
28.22,80.436
28.23,80.448
28.24,80.461
28.25,80.473
28.26,80.485
28.27,80.497
28.28,80.509
28.29,80.522
28.3,80.534
28.31,80.546
28.32,80.558
28.33,80.57
28.34,80.583
28.35,80.595
28.36,80.607
28.37,80.619
28.38,80.631
28.39,80.643
28.4,80.656
28.41,80.668
28.42,80.68
28.43,80.692
28.44,80.704
28.45,80.716
28.46,80.728
28.47,80.741
28.48,80.753
28.49,80.765
28.5,80.777
28.51,80.789
28.52,80.801
28.53,80.813
28.54,80.826
28.55,80.838
28.56,80.85
28.57,80.862
28.58,80.874
28.59,80.886
28.6,80.898
28.61,80.91
28.62,80.923
28.63,80.935
28.64,80.947
28.65,80.959
28.66,80.971
28.67,80.983
28.68,80.995
28.69,81.007
28.7,81.019
28.71,81.031
28.72,81.043
28.73,81.056
28.74,81.068
28.75,81.08
28.76,81.092
28.77,81.104
28.78,81.116
28.79,81.128
28.8,81.14
28.81,81.152
28.82,81.164
28.83,81.176
28.84,81.188
28.85,81.2
28.86,81.212
28.87,81.224
28.88,81.237
28.89,81.249
28.9,81.261
28.91,81.273
28.92,81.285
28.93,81.297
28.94,81.309
28.95,81.321
28.96,81.333
28.97,81.345
28.98,81.357
28.99,81.369
29,81.381
29.01,81.393
29.02,81.405
29.03,81.417
29.04,81.429
29.05,81.441
29.06,81.453
29.07,81.465
29.08,81.477
29.09,81.489
29.1,81.501
29.11,81.513
29.12,81.525
29.13,81.537
29.14,81.549
29.15,81.561
29.16,81.573
29.17,81.585
29.18,81.597
29.19,81.609
29.2,81.621
29.21,81.633
29.22,81.645
29.23,81.657
29.24,81.669
29.25,81.681
29.26,81.693
29.27,81.705
29.28,81.717
29.29,81.729
29.3,81.741
29.31,81.753
29.32,81.765
29.33,81.777
29.34,81.789
29.35,81.8
29.36,81.812
29.37,81.824
29.38,81.836
29.39,81.848
29.4,81.86
29.41,81.872
29.42,81.884
29.43,81.896
29.44,81.908
29.45,81.92
29.46,81.932
29.47,81.944
29.48,81.956
29.49,81.968
29.5,81.98
29.51,81.991
29.52,82.003
29.53,82.015
29.54,82.027
29.55,82.039
29.56,82.051
29.57,82.063
29.58,82.075
29.59,82.087
29.6,82.099
29.61,82.111
29.62,82.123
29.63,82.134
29.64,82.146
29.65,82.158
29.66,82.17
29.67,82.182
29.68,82.194
29.69,82.206
29.7,82.218
29.71,82.23
29.72,82.242
29.73,82.253
29.74,82.265
29.75,82.277
29.76,82.289
29.77,82.301
29.78,82.313
29.79,82.325
29.8,82.337
29.81,82.349
29.82,82.36
29.83,82.372
29.84,82.384
29.85,82.396
29.86,82.408
29.87,82.42
29.88,82.432
29.89,82.443
29.9,82.455
29.91,82.467
29.92,82.479
29.93,82.491
29.94,82.503
29.95,82.515
29.96,82.526
29.97,82.538
29.98,82.55
29.99,82.562
30,82.574
30.01,82.586
30.02,82.598
30.03,82.609
30.04,82.621
30.05,82.633
30.06,82.645
30.07,82.657
30.08,82.669
30.09,82.68
30.1,82.692
30.11,82.704
30.12,82.716
30.13,82.728
30.14,82.74
30.15,82.752
30.16,82.763
30.17,82.775
30.18,82.787
30.19,82.799
30.2,82.811
30.21,82.822
30.22,82.834
30.23,82.846
30.24,82.858
30.25,82.87
30.26,82.882
30.27,82.893
30.28,82.905
30.29,82.917
30.3,82.929
30.31,82.941
30.32,82.952
30.33,82.964
30.34,82.976
30.35,82.988
30.36,83
30.37,83.011
30.38,83.023
30.39,83.035
30.4,83.047
30.41,83.059
30.42,83.07
30.43,83.082
30.44,83.094
30.45,83.106
30.46,83.118
30.47,83.129
30.48,83.141
30.49,83.153
30.5,83.165
30.51,83.177
30.52,83.188
30.53,83.2
30.54,83.212
30.55,83.224
30.56,83.236
30.57,83.247
30.58,83.259
30.59,83.271
30.6,83.283
30.61,83.294
30.62,83.306
30.63,83.318
30.64,83.33
30.65,83.342
30.66,83.353
30.67,83.365
30.68,83.377
30.69,83.389
30.7,83.4
30.71,83.412
30.72,83.424
30.73,83.436
30.74,83.447
30.75,83.459
30.76,83.471
30.77,83.483
30.78,83.494
30.79,83.506
30.8,83.518
30.81,83.53
30.82,83.542
30.83,83.553
30.84,83.565
30.85,83.577
30.86,83.589
30.87,83.6
30.88,83.612
30.89,83.624
30.9,83.636
30.91,83.647
30.92,83.659
30.93,83.671
30.94,83.683
30.95,83.694
30.96,83.706
30.97,83.718
30.98,83.73
30.99,83.741
31,83.753
31.01,83.765
31.02,83.776
31.03,83.788
31.04,83.8
31.05,83.812
31.06,83.823
31.07,83.835
31.08,83.847
31.09,83.859
31.1,83.87
31.11,83.882
31.12,83.894
31.13,83.906
31.14,83.917
31.15,83.929
31.16,83.941
31.17,83.952
31.18,83.964
31.19,83.976
31.2,83.988
31.21,83.999
31.22,84.011
31.23,84.023
31.24,84.035
31.25,84.046
31.26,84.058
31.27,84.07
31.28,84.081
31.29,84.093
31.3,84.105
31.31,84.117
31.32,84.128
31.33,84.14
31.34,84.152
31.35,84.163
31.36,84.175
31.37,84.187
31.38,84.199
31.39,84.21
31.4,84.222
31.41,84.234
31.42,84.245
31.43,84.257
31.44,84.269
31.45,84.281
31.46,84.292
31.47,84.304
31.48,84.316
31.49,84.327
31.5,84.339
31.51,84.351
31.52,84.363
31.53,84.374
31.54,84.386
31.55,84.398
31.56,84.409
31.57,84.421
31.58,84.433
31.59,84.445
31.6,84.456
31.61,84.468
31.62,84.48
31.63,84.491
31.64,84.503
31.65,84.515
31.66,84.526
31.67,84.538
31.68,84.55
31.69,84.561
31.7,84.573
31.71,84.585
31.72,84.597
31.73,84.608
31.74,84.62
31.75,84.632
31.76,84.643
31.77,84.655
31.78,84.667
31.79,84.678
31.8,84.69
31.81,84.702
31.82,84.714
31.83,84.725
31.84,84.737
31.85,84.749
31.86,84.76
31.87,84.772
31.88,84.784
31.89,84.795
31.9,84.807
31.91,84.819
31.92,84.83
31.93,84.842
31.94,84.854
31.95,84.865
31.96,84.877
31.97,84.889
31.98,84.901
31.99,84.912
32,84.924
32.01,84.936
32.02,84.947
32.03,84.959
32.04,84.971
32.05,84.982
32.06,84.994
32.07,85.006
32.08,85.017
32.09,85.029
32.1,85.041
32.11,85.052
32.12,85.064
32.13,85.076
32.14,85.087
32.15,85.099
32.16,85.111
32.17,85.122
32.18,85.134
32.19,85.146
32.2,85.157
32.21,85.169
32.22,85.181
32.23,85.192
32.24,85.204
32.25,85.216
32.26,85.227
32.27,85.239
32.28,85.251
32.29,85.263
32.3,85.274
32.31,85.286
32.32,85.298
32.33,85.309
32.34,85.321
32.35,85.333
32.36,85.344
32.37,85.356
32.38,85.368
32.39,85.379
32.4,85.391
32.41,85.403
32.42,85.414
32.43,85.426
32.44,85.438
32.45,85.449
32.46,85.461
32.47,85.473
32.48,85.484
32.49,85.496
32.5,85.508
32.51,85.519
32.52,85.531
32.53,85.543
32.54,85.554
32.55,85.566
32.56,85.578
32.57,85.589
32.58,85.601
32.59,85.613
32.6,85.624
32.61,85.636
32.62,85.648
32.63,85.659
32.64,85.671
32.65,85.683
32.66,85.694
32.67,85.706
32.68,85.718
32.69,85.729
32.7,85.741
32.71,85.753
32.72,85.764
32.73,85.776
32.74,85.787
32.75,85.799
32.76,85.811
32.77,85.822
32.78,85.834
32.79,85.846
32.8,85.857
32.81,85.869
32.82,85.881
32.83,85.892
32.84,85.904
32.85,85.916
32.86,85.927
32.87,85.939
32.88,85.951
32.89,85.962
32.9,85.974
32.91,85.986
32.92,85.997
32.93,86.009
32.94,86.021
32.95,86.032
32.96,86.044
32.97,86.056
32.98,86.067
32.99,86.079
33,86.091
33.01,86.102
33.02,86.114
33.03,86.126
33.04,86.137
33.05,86.149
33.06,86.161
33.07,86.172
33.08,86.184
33.09,86.196
33.1,86.207
33.11,86.219
33.12,86.231
33.13,86.242
33.14,86.254
33.15,86.265
33.16,86.277
33.17,86.289
33.18,86.3
33.19,86.312
33.2,86.324
33.21,86.335
33.22,86.347
33.23,86.359
33.24,86.37
33.25,86.382
33.26,86.394
33.27,86.405
33.28,86.417
33.29,86.429
33.3,86.44
33.31,86.452
33.32,86.464
33.33,86.475
33.34,86.487
33.35,86.499
33.36,86.51
33.37,86.522
33.38,86.534
33.39,86.545
33.4,86.557
33.41,86.569
33.42,86.58
33.43,86.592
33.44,86.603
33.45,86.615
33.46,86.627
33.47,86.638
33.48,86.65
33.49,86.662
33.5,86.673
33.51,86.685
33.52,86.697
33.53,86.708
33.54,86.72
33.55,86.732
33.56,86.743
33.57,86.755
33.58,86.767
33.59,86.778
33.6,86.79
33.61,86.802
33.62,86.813
33.63,86.825
33.64,86.837
33.65,86.848
33.66,86.86
33.67,86.872
33.68,86.883
33.69,86.895
33.7,86.906
33.71,86.918
33.72,86.93
33.73,86.941
33.74,86.953
33.75,86.965
33.76,86.976
33.77,86.988
33.78,87
33.79,87.011
33.8,87.023
33.81,87.035
33.82,87.046
33.83,87.058
33.84,87.07
33.85,87.081
33.86,87.093
33.87,87.105
33.88,87.116
33.89,87.128
33.9,87.14
33.91,87.151
33.92,87.163
33.93,87.174
33.94,87.186
33.95,87.198
33.96,87.209
33.97,87.221
33.98,87.233
33.99,87.244
34,87.256
34.01,87.268
34.02,87.279
34.03,87.291
34.04,87.303
34.05,87.314
34.06,87.326
34.07,87.338
34.08,87.349
34.09,87.361
34.1,87.373
34.11,87.384
34.12,87.396
34.13,87.408
34.14,87.419
34.15,87.431
34.16,87.442
34.17,87.454
34.18,87.466
34.19,87.477
34.2,87.489
34.21,87.501
34.22,87.512
34.23,87.524
34.24,87.536
34.25,87.547
34.26,87.559
34.27,87.571
34.28,87.582
34.29,87.594
34.3,87.606
34.31,87.617
34.32,87.629
34.33,87.641
34.34,87.652
34.35,87.664
34.36,87.676
34.37,87.687
34.38,87.699
34.39,87.711
34.4,87.722
34.41,87.734
34.42,87.745
34.43,87.757
34.44,87.769
34.45,87.78
34.46,87.792
34.47,87.804
34.48,87.815
34.49,87.827
34.5,87.839
34.51,87.85
34.52,87.862
34.53,87.874
34.54,87.885
34.55,87.897
34.56,87.909
34.57,87.92
34.58,87.932
34.59,87.944
34.6,87.955
34.61,87.967
34.62,87.979
34.63,87.99
34.64,88.002
34.65,88.014
34.66,88.025
34.67,88.037
34.68,88.049
34.69,88.06
34.7,88.072
34.71,88.083
34.72,88.095
34.73,88.107
34.74,88.118
34.75,88.13
34.76,88.142
34.77,88.153
34.78,88.165
34.79,88.177
34.8,88.188
34.81,88.2
34.82,88.212
34.83,88.223
34.84,88.235
34.85,88.247
34.86,88.258
34.87,88.27
34.88,88.282
34.89,88.293
34.9,88.305
34.91,88.317
34.92,88.328
34.93,88.34
34.94,88.352
34.95,88.363
34.96,88.375
34.97,88.387
34.98,88.398
34.99,88.41
35,88.422
35.01,88.433
35.02,88.445
35.03,88.456
35.04,88.468
35.05,88.48
35.06,88.491
35.07,88.503
35.08,88.515
35.09,88.526
35.1,88.538
35.11,88.55
35.12,88.561
35.13,88.573
35.14,88.585
35.15,88.596
35.16,88.608
35.17,88.62
35.18,88.631
35.19,88.643
35.2,88.655
35.21,88.666
35.22,88.678
35.23,88.69
35.24,88.701
35.25,88.713
35.26,88.725
35.27,88.736
35.28,88.748
35.29,88.76
35.3,88.771
35.31,88.783
35.32,88.795
35.33,88.806
35.34,88.818
35.35,88.83
35.36,88.841
35.37,88.853
35.38,88.865
35.39,88.876
35.4,88.888
35.41,88.899
35.42,88.911
35.43,88.923
35.44,88.934
35.45,88.946
35.46,88.958
35.47,88.969
35.48,88.981
35.49,88.993
35.5,89.004
35.51,89.016
35.52,89.028
35.53,89.039
35.54,89.051
35.55,89.063
35.56,89.074
35.57,89.086
35.58,89.098
35.59,89.109
35.6,89.121
35.61,89.133
35.62,89.144
35.63,89.156
35.64,89.168
35.65,89.179
35.66,89.191
35.67,89.203
35.68,89.214
35.69,89.226
35.7,89.238
35.71,89.249
35.72,89.261
35.73,89.273
35.74,89.284
35.75,89.296
35.76,89.308
35.77,89.319
35.78,89.331
35.79,89.343
35.8,89.354
35.81,89.366
35.82,89.377
35.83,89.389
35.84,89.401
35.85,89.412
35.86,89.424
35.87,89.436
35.88,89.447
35.89,89.459
35.9,89.471
35.91,89.482
35.92,89.494
35.93,89.506
35.94,89.517
35.95,89.529
35.96,89.541
35.97,89.552
35.98,89.564
35.99,89.576
36,89.587
36.01,89.599
36.02,89.611
36.03,89.622
36.04,89.634
36.05,89.646
36.06,89.657
36.07,89.669
36.08,89.681
36.09,89.692
36.1,89.704
36.11,89.716
36.12,89.727
36.13,89.739
36.14,89.751
36.15,89.762
36.16,89.774
36.17,89.786
36.18,89.797
36.19,89.809
36.2,89.821
36.21,89.832
36.22,89.844
36.23,89.855
36.24,89.867
36.25,89.879
36.26,89.89
36.27,89.902
36.28,89.914
36.29,89.925
36.3,89.937
36.31,89.949
36.32,89.96
36.33,89.972
36.34,89.984
36.35,89.995
36.36,90.007
36.37,90.019
36.38,90.03
36.39,90.042
36.4,90.054
36.41,90.065
36.42,90.077
36.43,90.089
36.44,90.1
36.45,90.112
36.46,90.124
36.47,90.135
36.48,90.147
36.49,90.159
36.5,90.17
36.51,90.182
36.52,90.194
36.53,90.205
36.54,90.217
36.55,90.229
36.56,90.24
36.57,90.252
36.58,90.263
36.59,90.275
36.6,90.287
36.61,90.298
36.62,90.31
36.63,90.322
36.64,90.333
36.65,90.345
36.66,90.357
36.67,90.368
36.68,90.38
36.69,90.392
36.7,90.403
36.71,90.415
36.72,90.427
36.73,90.438
36.74,90.45
36.75,90.462
36.76,90.473
36.77,90.485
36.78,90.497
36.79,90.508
36.8,90.52
36.81,90.532
36.82,90.543
36.83,90.555
36.84,90.566
36.85,90.578
36.86,90.59
36.87,90.601
36.88,90.613
36.89,90.625
36.9,90.636
36.91,90.648
36.92,90.66
36.93,90.671
36.94,90.683
36.95,90.695
36.96,90.706
36.97,90.718
36.98,90.73
36.99,90.741
37,90.753
37.01,90.765
37.02,90.776
37.03,90.788
37.04,90.8
37.05,90.811
37.06,90.823
37.07,90.834
37.08,90.846
37.09,90.858
37.1,90.869
37.11,90.881
37.12,90.893
37.13,90.904
37.14,90.916
37.15,90.928
37.16,90.939
37.17,90.951
37.18,90.963
37.19,90.974
37.2,90.986
37.21,90.998
37.22,91.009
37.23,91.021
37.24,91.032
37.25,91.044
37.26,91.056
37.27,91.067
37.28,91.079
37.29,91.091
37.3,91.102
37.31,91.114
37.32,91.126
37.33,91.137
37.34,91.149
37.35,91.161
37.36,91.172
37.37,91.184
37.38,91.195
37.39,91.207
37.4,91.219
37.41,91.23
37.42,91.242
37.43,91.254
37.44,91.265
37.45,91.277
37.46,91.289
37.47,91.3
37.48,91.312
37.49,91.324
37.5,91.335
37.51,91.347
37.52,91.358
37.53,91.37
37.54,91.382
37.55,91.393
37.56,91.405
37.57,91.417
37.58,91.428
37.59,91.44
37.6,91.452
37.61,91.463
37.62,91.475
37.63,91.486
37.64,91.498
37.65,91.51
37.66,91.521
37.67,91.533
37.68,91.545
37.69,91.556
37.7,91.568
37.71,91.579
37.72,91.591
37.73,91.603
37.74,91.614
37.75,91.626
37.76,91.638
37.77,91.649
37.78,91.661
37.79,91.673
37.8,91.684
37.81,91.696
37.82,91.707
37.83,91.719
37.84,91.731
37.85,91.742
37.86,91.754
37.87,91.766
37.88,91.777
37.89,91.789
37.9,91.8
37.91,91.812
37.92,91.824
37.93,91.835
37.94,91.847
37.95,91.859
37.96,91.87
37.97,91.882
37.98,91.893
37.99,91.905
38,91.917
38.01,91.928
38.02,91.94
38.03,91.952
38.04,91.963
38.05,91.975
38.06,91.986
38.07,91.998
38.08,92.01
38.09,92.021
38.1,92.033
38.11,92.045
38.12,92.056
38.13,92.068
38.14,92.079
38.15,92.091
38.16,92.103
38.17,92.114
38.18,92.126
38.19,92.137
38.2,92.149
38.21,92.161
38.22,92.172
38.23,92.184
38.24,92.196
38.25,92.207
38.26,92.219
38.27,92.23
38.28,92.242
38.29,92.254
38.3,92.265
38.31,92.277
38.32,92.288
38.33,92.3
38.34,92.312
38.35,92.323
38.36,92.335
38.37,92.346
38.38,92.358
38.39,92.37
38.4,92.381
38.41,92.393
38.42,92.405
38.43,92.416
38.44,92.428
38.45,92.439
38.46,92.451
38.47,92.463
38.48,92.474
38.49,92.486
38.5,92.497
38.51,92.509
38.52,92.521
38.53,92.532
38.54,92.544
38.55,92.555
38.56,92.567
38.57,92.579
38.58,92.59
38.59,92.602
38.6,92.613
38.61,92.625
38.62,92.637
38.63,92.648
38.64,92.66
38.65,92.671
38.66,92.683
38.67,92.694
38.68,92.706
38.69,92.718
38.7,92.729
38.71,92.741
38.72,92.752
38.73,92.764
38.74,92.776
38.75,92.787
38.76,92.799
38.77,92.81
38.78,92.822
38.79,92.834
38.8,92.845
38.81,92.857
38.82,92.868
38.83,92.88
38.84,92.891
38.85,92.903
38.86,92.915
38.87,92.926
38.88,92.938
38.89,92.949
38.9,92.961
38.91,92.973
38.92,92.984
38.93,92.996
38.94,93.007
38.95,93.019
38.96,93.03
38.97,93.042
38.98,93.054
38.99,93.065
39,93.077
39.01,93.088
39.02,93.1
39.03,93.111
39.04,93.123
39.05,93.135
39.06,93.146
39.07,93.158
39.08,93.169
39.09,93.181
39.1,93.192
39.11,93.204
39.12,93.216
39.13,93.227
39.14,93.239
39.15,93.25
39.16,93.262
39.17,93.273
39.18,93.285
39.19,93.297
39.2,93.308
39.21,93.32
39.22,93.331
39.23,93.343
39.24,93.354
39.25,93.366
39.26,93.377
39.27,93.389
39.28,93.401
39.29,93.412
39.3,93.424
39.31,93.435
39.32,93.447
39.33,93.458
39.34,93.47
39.35,93.481
39.36,93.493
39.37,93.505
39.38,93.516
39.39,93.528
39.4,93.539
39.41,93.551
39.42,93.562
39.43,93.574
39.44,93.585
39.45,93.597
39.46,93.608
39.47,93.62
39.48,93.632
39.49,93.643
39.5,93.655
39.51,93.666
39.52,93.678
39.53,93.689
39.54,93.701
39.55,93.712
39.56,93.724
39.57,93.735
39.58,93.747
39.59,93.758
39.6,93.77
39.61,93.781
39.62,93.793
39.63,93.805
39.64,93.816
39.65,93.828
39.66,93.839
39.67,93.851
39.68,93.862
39.69,93.874
39.7,93.885
39.71,93.897
39.72,93.908
39.73,93.92
39.74,93.931
39.75,93.943
39.76,93.954
39.77,93.966
39.78,93.977
39.79,93.989
39.8,94
39.81,94.012
39.82,94.023
39.83,94.035
39.84,94.046
39.85,94.058
39.86,94.069
39.87,94.081
39.88,94.092
39.89,94.104
39.9,94.116
39.91,94.127
39.92,94.139
39.93,94.15
39.94,94.162
39.95,94.173
39.96,94.185
39.97,94.196
39.98,94.208
39.99,94.219
40,94.231
40.01,94.242
40.02,94.254
40.03,94.265
40.04,94.277
40.05,94.288
40.06,94.3
40.07,94.311
40.08,94.322
40.09,94.334
40.1,94.345
40.11,94.357
40.12,94.368
40.13,94.38
40.14,94.391
40.15,94.403
40.16,94.414
40.17,94.426
40.18,94.437
40.19,94.449
40.2,94.46
40.21,94.472
40.22,94.483
40.23,94.495
40.24,94.506
40.25,94.518
40.26,94.529
40.27,94.541
40.28,94.552
40.29,94.564
40.3,94.575
40.31,94.587
40.32,94.598
40.33,94.609
40.34,94.621
40.35,94.632
40.36,94.644
40.37,94.655
40.38,94.667
40.39,94.678
40.4,94.69
40.41,94.701
40.42,94.713
40.43,94.724
40.44,94.736
40.45,94.747
40.46,94.758
40.47,94.77
40.48,94.781
40.49,94.793
40.5,94.804
40.51,94.816
40.52,94.827
40.53,94.839
40.54,94.85
40.55,94.861
40.56,94.873
40.57,94.884
40.58,94.896
40.59,94.907
40.6,94.919
40.61,94.93
40.62,94.942
40.63,94.953
40.64,94.964
40.65,94.976
40.66,94.987
40.67,94.999
40.68,95.01
40.69,95.022
40.7,95.033
40.71,95.044
40.72,95.056
40.73,95.067
40.74,95.079
40.75,95.09
40.76,95.102
40.77,95.113
40.78,95.124
40.79,95.136
40.8,95.147
40.81,95.159
40.82,95.17
40.83,95.181
40.84,95.193
40.85,95.204
40.86,95.216
40.87,95.227
40.88,95.239
40.89,95.25
40.9,95.261
40.91,95.273
40.92,95.284
40.93,95.296
40.94,95.307
40.95,95.318
40.96,95.33
40.97,95.341
40.98,95.353
40.99,95.364
41,95.375
41.01,95.387
41.02,95.398
41.03,95.41
41.04,95.421
41.05,95.432
41.06,95.444
41.07,95.455
41.08,95.466
41.09,95.478
41.1,95.489
41.11,95.501
41.12,95.512
41.13,95.523
41.14,95.535
41.15,95.546
41.16,95.558
41.17,95.569
41.18,95.58
41.19,95.592
41.2,95.603
41.21,95.614
41.22,95.626
41.23,95.637
41.24,95.648
41.25,95.66
41.26,95.671
41.27,95.683
41.28,95.694
41.29,95.705
41.3,95.717
41.31,95.728
41.32,95.739
41.33,95.751
41.34,95.762
41.35,95.773
41.36,95.785
41.37,95.796
41.38,95.807
41.39,95.819
41.4,95.83
41.41,95.841
41.42,95.853
41.43,95.864
41.44,95.876
41.45,95.887
41.46,95.898
41.47,95.91
41.48,95.921
41.49,95.932
41.5,95.944
41.51,95.955
41.52,95.966
41.53,95.978
41.54,95.989
41.55,96
41.56,96.011
41.57,96.023
41.58,96.034
41.59,96.045
41.6,96.057
41.61,96.068
41.62,96.079
41.63,96.091
41.64,96.102
41.65,96.113
41.66,96.125
41.67,96.136
41.68,96.147
41.69,96.159
41.7,96.17
41.71,96.181
41.72,96.192
41.73,96.204
41.74,96.215
41.75,96.226
41.76,96.238
41.77,96.249
41.78,96.26
41.79,96.272
41.8,96.283
41.81,96.294
41.82,96.305
41.83,96.317
41.84,96.328
41.85,96.339
41.86,96.351
41.87,96.362
41.88,96.373
41.89,96.384
41.9,96.396
41.91,96.407
41.92,96.418
41.93,96.43
41.94,96.441
41.95,96.452
41.96,96.463
41.97,96.475
41.98,96.486
41.99,96.497
42,96.508
42.01,96.52
42.02,96.531
42.03,96.542
42.04,96.553
42.05,96.565
42.06,96.576
42.07,96.587
42.08,96.598
42.09,96.61
42.1,96.621
42.11,96.632
42.12,96.643
42.13,96.655
42.14,96.666
42.15,96.677
42.16,96.688
42.17,96.7
42.18,96.711
42.19,96.722
42.2,96.733
42.21,96.745
42.22,96.756
42.23,96.767
42.24,96.778
42.25,96.789
42.26,96.801
42.27,96.812
42.28,96.823
42.29,96.834
42.3,96.846
42.31,96.857
42.32,96.868
42.33,96.879
42.34,96.89
42.35,96.902
42.36,96.913
42.37,96.924
42.38,96.935
42.39,96.946
42.4,96.958
42.41,96.969
42.42,96.98
42.43,96.991
42.44,97.002
42.45,97.014
42.46,97.025
42.47,97.036
42.48,97.047
42.49,97.058
42.5,97.07
42.51,97.081
42.52,97.092
42.53,97.103
42.54,97.114
42.55,97.126
42.56,97.137
42.57,97.148
42.58,97.159
42.59,97.17
42.6,97.181
42.61,97.193
42.62,97.204
42.63,97.215
42.64,97.226
42.65,97.237
42.66,97.248
42.67,97.26
42.68,97.271
42.69,97.282
42.7,97.293
42.71,97.304
42.72,97.315
42.73,97.326
42.74,97.338
42.75,97.349
42.76,97.36
42.77,97.371
42.78,97.382
42.79,97.393
42.8,97.404
42.81,97.416
42.82,97.427
42.83,97.438
42.84,97.449
42.85,97.46
42.86,97.471
42.87,97.482
42.88,97.493
42.89,97.505
42.9,97.516
42.91,97.527
42.92,97.538
42.93,97.549
42.94,97.56
42.95,97.571
42.96,97.582
42.97,97.593
42.98,97.605
42.99,97.616
43,97.627
43.01,97.638
43.02,97.649
43.03,97.66
43.04,97.671
43.05,97.682
43.06,97.693
43.07,97.704
43.08,97.716
43.09,97.727
43.1,97.738
43.11,97.749
43.12,97.76
43.13,97.771
43.14,97.782
43.15,97.793
43.16,97.804
43.17,97.815
43.18,97.826
43.19,97.837
43.2,97.848
43.21,97.86
43.22,97.871
43.23,97.882
43.24,97.893
43.25,97.904
43.26,97.915
43.27,97.926
43.28,97.937
43.29,97.948
43.3,97.959
43.31,97.97
43.32,97.981
43.33,97.992
43.34,98.003
43.35,98.014
43.36,98.025
43.37,98.036
43.38,98.047
43.39,98.058
43.4,98.069
43.41,98.08
43.42,98.092
43.43,98.103
43.44,98.114
43.45,98.125
43.46,98.136
43.47,98.147
43.48,98.158
43.49,98.169
43.5,98.18
43.51,98.191
43.52,98.202
43.53,98.213
43.54,98.224
43.55,98.235
43.56,98.246
43.57,98.257
43.58,98.268
43.59,98.279
43.6,98.29
43.61,98.301
43.62,98.312
43.63,98.323
43.64,98.334
43.65,98.345
43.66,98.356
43.67,98.367
43.68,98.378
43.69,98.389
43.7,98.4
43.71,98.41
43.72,98.421
43.73,98.432
43.74,98.443
43.75,98.454
43.76,98.465
43.77,98.476
43.78,98.487
43.79,98.498
43.8,98.509
43.81,98.52
43.82,98.531
43.83,98.542
43.84,98.553
43.85,98.564
43.86,98.575
43.87,98.586
43.88,98.597
43.89,98.608
43.9,98.619
43.91,98.63
43.92,98.64
43.93,98.651
43.94,98.662
43.95,98.673
43.96,98.684
43.97,98.695
43.98,98.706
43.99,98.717
44,98.728
44.01,98.739
44.02,98.75
44.03,98.761
44.04,98.772
44.05,98.782
44.06,98.793
44.07,98.804
44.08,98.815
44.09,98.826
44.1,98.837
44.11,98.848
44.12,98.859
44.13,98.87
44.14,98.88
44.15,98.891
44.16,98.902
44.17,98.913
44.18,98.924
44.19,98.935
44.2,98.946
44.21,98.957
44.22,98.968
44.23,98.978
44.24,98.989
44.25,99
44.26,99.011
44.27,99.022
44.28,99.033
44.29,99.044
44.3,99.054
44.31,99.065
44.32,99.076
44.33,99.087
44.34,99.098
44.35,99.109
44.36,99.119
44.37,99.13
44.38,99.141
44.39,99.152
44.4,99.163
44.41,99.174
44.42,99.184
44.43,99.195
44.44,99.206
44.45,99.217
44.46,99.228
44.47,99.239
44.48,99.249
44.49,99.26
44.5,99.271
44.51,99.282
44.52,99.293
44.53,99.303
44.54,99.314
44.55,99.325
44.56,99.336
44.57,99.347
44.58,99.357
44.59,99.368
44.6,99.379
44.61,99.39
44.62,99.401
44.63,99.411
44.64,99.422
44.65,99.433
44.66,99.444
44.67,99.455
44.68,99.465
44.69,99.476
44.7,99.487
44.71,99.498
44.72,99.508
44.73,99.519
44.74,99.53
44.75,99.541
44.76,99.551
44.77,99.562
44.78,99.573
44.79,99.584
44.8,99.594
44.81,99.605
44.82,99.616
44.83,99.627
44.84,99.637
44.85,99.648
44.86,99.659
44.87,99.67
44.88,99.68
44.89,99.691
44.9,99.702
44.91,99.713
44.92,99.723
44.93,99.734
44.94,99.745
44.95,99.755
44.96,99.766
44.97,99.777
44.98,99.788
44.99,99.798
45,99.809
45.01,99.82
45.02,99.83
45.03,99.841
45.04,99.852
45.05,99.862
45.06,99.873
45.07,99.884
45.08,99.894
45.09,99.905
45.1,99.916
45.11,99.927
45.12,99.937
45.13,99.948
45.14,99.959
45.15,99.969
45.16,99.98
45.17,99.991
45.18,100
45.19,100.01
45.2,100.02
45.21,100.03
45.22,100.04
45.23,100.05
45.24,100.07
45.25,100.08
45.26,100.09
45.27,100.1
45.28,100.11
45.29,100.12
45.3,100.13
45.31,100.14
45.32,100.15
45.33,100.16
45.34,100.17
45.35,100.18
45.36,100.19
45.37,100.2
45.38,100.21
45.39,100.22
45.4,100.24
45.41,100.25
45.42,100.26
45.43,100.27
45.44,100.28
45.45,100.29
45.46,100.3
45.47,100.31
45.48,100.32
45.49,100.33
45.5,100.34
45.51,100.35
45.52,100.36
45.53,100.37
45.54,100.38
45.55,100.39
45.56,100.4
45.57,100.42
45.58,100.43
45.59,100.44
45.6,100.45
45.61,100.46
45.62,100.47
45.63,100.48
45.64,100.49
45.65,100.5
45.66,100.51
45.67,100.52
45.68,100.53
45.69,100.54
45.7,100.55
45.71,100.56
45.72,100.57
45.73,100.58
45.74,100.59
45.75,100.61
45.76,100.62
45.77,100.63
45.78,100.64
45.79,100.65
45.8,100.66
45.81,100.67
45.82,100.68
45.83,100.69
45.84,100.7
45.85,100.71
45.86,100.72
45.87,100.73
45.88,100.74
45.89,100.75
45.9,100.76
45.91,100.77
45.92,100.78
45.93,100.79
45.94,100.8
45.95,100.82
45.96,100.83
45.97,100.84
45.98,100.85
45.99,100.86
46,100.87
46.01,100.88
46.02,100.89
46.03,100.9
46.04,100.91
46.05,100.92
46.06,100.93
46.07,100.94
46.08,100.95
46.09,100.96
46.1,100.97
46.11,100.98
46.12,100.99
46.13,101
46.14,101.01
46.15,101.02
46.16,101.03
46.17,101.04
46.18,101.06
46.19,101.07
46.2,101.08
46.21,101.09
46.22,101.1
46.23,101.11
46.24,101.12
46.25,101.13
46.26,101.14
46.27,101.15
46.28,101.16
46.29,101.17
46.3,101.18
46.31,101.19
46.32,101.2
46.33,101.21
46.34,101.22
46.35,101.23
46.36,101.24
46.37,101.25
46.38,101.26
46.39,101.27
46.4,101.28
46.41,101.29
46.42,101.3
46.43,101.32
46.44,101.33
46.45,101.34
46.46,101.35
46.47,101.36
46.48,101.37
46.49,101.38
46.5,101.39
46.51,101.4
46.52,101.41
46.53,101.42
46.54,101.43
46.55,101.44
46.56,101.45
46.57,101.46
46.58,101.47
46.59,101.48
46.6,101.49
46.61,101.5
46.62,101.51
46.63,101.52
46.64,101.53
46.65,101.54
46.66,101.55
46.67,101.56
46.68,101.57
46.69,101.58
46.7,101.59
46.71,101.6
46.72,101.61
46.73,101.62
46.74,101.63
46.75,101.64
46.76,101.66
46.77,101.67
46.78,101.68
46.79,101.69
46.8,101.7
46.81,101.71
46.82,101.72
46.83,101.73
46.84,101.74
46.85,101.75
46.86,101.76
46.87,101.77
46.88,101.78
46.89,101.79
46.9,101.8
46.91,101.81
46.92,101.82
46.93,101.83
46.94,101.84
46.95,101.85
46.96,101.86
46.97,101.87
46.98,101.88
46.99,101.89
47,101.9
47.01,101.91
47.02,101.92
47.03,101.93
47.04,101.94
47.05,101.95
47.06,101.96
47.07,101.97
47.08,101.98
47.09,101.99
47.1,102
47.11,102.01
47.12,102.02
47.13,102.03
47.14,102.04
47.15,102.05
47.16,102.06
47.17,102.07
47.18,102.08
47.19,102.09
47.2,102.1
47.21,102.11
47.22,102.12
47.23,102.13
47.24,102.14
47.25,102.15
47.26,102.17
47.27,102.18
47.28,102.19
47.29,102.2
47.3,102.21
47.31,102.22
47.32,102.23
47.33,102.24
47.34,102.25
47.35,102.26
47.36,102.27
47.37,102.28
47.38,102.29
47.39,102.3
47.4,102.31
47.41,102.32
47.42,102.33
47.43,102.34
47.44,102.35
47.45,102.36
47.46,102.37
47.47,102.38
47.48,102.39
47.49,102.4
47.5,102.41
47.51,102.42
47.52,102.43
47.53,102.44
47.54,102.45
47.55,102.46
47.56,102.47
47.57,102.48
47.58,102.49
47.59,102.5
47.6,102.51
47.61,102.52
47.62,102.53
47.63,102.54
47.64,102.55
47.65,102.56
47.66,102.57
47.67,102.58
47.68,102.59
47.69,102.6
47.7,102.61
47.71,102.62
47.72,102.63
47.73,102.64
47.74,102.65
47.75,102.66
47.76,102.67
47.77,102.68
47.78,102.69
47.79,102.7
47.8,102.71
47.81,102.72
47.82,102.73
47.83,102.74
47.84,102.75
47.85,102.76
47.86,102.77
47.87,102.78
47.88,102.79
47.89,102.8
47.9,102.81
47.91,102.82
47.92,102.83
47.93,102.84
47.94,102.85
47.95,102.86
47.96,102.87
47.97,102.88
47.98,102.89
47.99,102.9
48,102.91
48.01,102.92
48.02,102.93
48.03,102.94
48.04,102.95
48.05,102.96
48.06,102.97
48.07,102.98
48.08,102.99
48.09,103
48.1,103.01
48.11,103.01
48.12,103.02
48.13,103.03
48.14,103.04
48.15,103.05
48.16,103.06
48.17,103.07
48.18,103.08
48.19,103.09
48.2,103.1
48.21,103.11
48.22,103.12
48.23,103.13
48.24,103.14
48.25,103.15
48.26,103.16
48.27,103.17
48.28,103.18
48.29,103.19
48.3,103.2
48.31,103.21
48.32,103.22
48.33,103.23
48.34,103.24
48.35,103.25
48.36,103.26
48.37,103.27
48.38,103.28
48.39,103.29
48.4,103.3
48.41,103.31
48.42,103.32
48.43,103.33
48.44,103.34
48.45,103.35
48.46,103.36
48.47,103.37
48.48,103.38
48.49,103.39
48.5,103.4
48.51,103.41
48.52,103.42
48.53,103.43
48.54,103.44
48.55,103.45
48.56,103.46
48.57,103.47
48.58,103.48
48.59,103.48
48.6,103.49
48.61,103.5
48.62,103.51
48.63,103.52
48.64,103.53
48.65,103.54
48.66,103.55
48.67,103.56
48.68,103.57
48.69,103.58
48.7,103.59
48.71,103.6
48.72,103.61
48.73,103.62
48.74,103.63
48.75,103.64
48.76,103.65
48.77,103.66
48.78,103.67
48.79,103.68
48.8,103.69
48.81,103.7
48.82,103.71
48.83,103.72
48.84,103.73
48.85,103.74
48.86,103.75
48.87,103.76
48.88,103.77
48.89,103.77
48.9,103.78
48.91,103.79
48.92,103.8
48.93,103.81
48.94,103.82
48.95,103.83
48.96,103.84
48.97,103.85
48.98,103.86
48.99,103.87
49,103.88
49.01,103.89
49.02,103.9
49.03,103.91
49.04,103.92
49.05,103.93
49.06,103.94
49.07,103.95
49.08,103.96
49.09,103.97
49.1,103.98
49.11,103.99
49.12,103.99
49.13,104
49.14,104.01
49.15,104.02
49.16,104.03
49.17,104.04
49.18,104.05
49.19,104.06
49.2,104.07
49.21,104.08
49.22,104.09
49.23,104.1
49.24,104.11
49.25,104.12
49.26,104.13
49.27,104.14
49.28,104.15
49.29,104.16
49.3,104.17
49.31,104.18
49.32,104.18
49.33,104.19
49.34,104.2
49.35,104.21
49.36,104.22
49.37,104.23
49.38,104.24
49.39,104.25
49.4,104.26
49.41,104.27
49.42,104.28
49.43,104.29
49.44,104.3
49.45,104.31
49.46,104.32
49.47,104.33
49.48,104.34
49.49,104.35
49.5,104.35
49.51,104.36
49.52,104.37
49.53,104.38
49.54,104.39
49.55,104.4
49.56,104.41
49.57,104.42
49.58,104.43
49.59,104.44
49.6,104.45
49.61,104.46
49.62,104.47
49.63,104.48
49.64,104.49
49.65,104.49
49.66,104.5
49.67,104.51
49.68,104.52
49.69,104.53
49.7,104.54
49.71,104.55
49.72,104.56
49.73,104.57
49.74,104.58
49.75,104.59
49.76,104.6
49.77,104.61
49.78,104.62
49.79,104.63
49.8,104.63
49.81,104.64
49.82,104.65
49.83,104.66
49.84,104.67
49.85,104.68
49.86,104.69
49.87,104.7
49.88,104.71
49.89,104.72
49.9,104.73
49.91,104.74
49.92,104.75
49.93,104.75
49.94,104.76
49.95,104.77
49.96,104.78
49.97,104.79
49.98,104.8
49.99,104.81
50,104.82
50.01,104.83
50.02,104.84
50.03,104.85
50.04,104.86
50.05,104.86
50.06,104.87
50.07,104.88
50.08,104.89
50.09,104.9
50.1,104.91
50.11,104.92
50.12,104.93
50.13,104.94
50.14,104.95
50.15,104.96
50.16,104.97
50.17,104.97
50.18,104.98
50.19,104.99
50.2,105
50.21,105.01
50.22,105.02
50.23,105.03
50.24,105.04
50.25,105.05
50.26,105.06
50.27,105.07
50.28,105.07
50.29,105.08
50.3,105.09
50.31,105.1
50.32,105.11
50.33,105.12
50.34,105.13
50.35,105.14
50.36,105.15
50.37,105.16
50.38,105.17
50.39,105.17
50.4,105.18
50.41,105.19
50.42,105.2
50.43,105.21
50.44,105.22
50.45,105.23
50.46,105.24
50.47,105.25
50.48,105.26
50.49,105.26
50.5,105.27
50.51,105.28
50.52,105.29
50.53,105.3
50.54,105.31
50.55,105.32
50.56,105.33
50.57,105.34
50.58,105.34
50.59,105.35
50.6,105.36
50.61,105.37
50.62,105.38
50.63,105.39
50.64,105.4
50.65,105.41
50.66,105.42
50.67,105.43
50.68,105.43
50.69,105.44
50.7,105.45
50.71,105.46
50.72,105.47
50.73,105.48
50.74,105.49
50.75,105.5
50.76,105.51
50.77,105.51
50.78,105.52
50.79,105.53
50.8,105.54
50.81,105.55
50.82,105.56
50.83,105.57
50.84,105.58
50.85,105.58
50.86,105.59
50.87,105.6
50.88,105.61
50.89,105.62
50.9,105.63
50.91,105.64
50.92,105.65
50.93,105.66
50.94,105.66
50.95,105.67
50.96,105.68
50.97,105.69
50.98,105.7
50.99,105.71
51,105.72
51.01,105.73
51.02,105.73
51.03,105.74
51.04,105.75
51.05,105.76
51.06,105.77
51.07,105.78
51.08,105.79
51.09,105.79
51.1,105.8
51.11,105.81
51.12,105.82
51.13,105.83
51.14,105.84
51.15,105.85
51.16,105.86
51.17,105.86
51.18,105.87
51.19,105.88
51.2,105.89
51.21,105.9
51.22,105.91
51.23,105.92
51.24,105.92
51.25,105.93
51.26,105.94
51.27,105.95
51.28,105.96
51.29,105.97
51.3,105.98
51.31,105.99
51.32,105.99
51.33,106
51.34,106.01
51.35,106.02
51.36,106.03
51.37,106.04
51.38,106.05
51.39,106.05
51.4,106.06
51.41,106.07
51.42,106.08
51.43,106.09
51.44,106.1
51.45,106.1
51.46,106.11
51.47,106.12
51.48,106.13
51.49,106.14
51.5,106.15
51.51,106.16
51.52,106.16
51.53,106.17
51.54,106.18
51.55,106.19
51.56,106.2
51.57,106.21
51.58,106.22
51.59,106.22
51.6,106.23
51.61,106.24
51.62,106.25
51.63,106.26
51.64,106.27
51.65,106.27
51.66,106.28
51.67,106.29
51.68,106.3
51.69,106.31
51.7,106.32
51.71,106.32
51.72,106.33
51.73,106.34
51.74,106.35
51.75,106.36
51.76,106.37
51.77,106.37
51.78,106.38
51.79,106.39
51.8,106.4
51.81,106.41
51.82,106.42
51.83,106.42
51.84,106.43
51.85,106.44
51.86,106.45
51.87,106.46
51.88,106.47
51.89,106.47
51.9,106.48
51.91,106.49
51.92,106.5
51.93,106.51
51.94,106.52
51.95,106.52
51.96,106.53
51.97,106.54
51.98,106.55
51.99,106.56
52,106.57
52.01,106.57
52.02,106.58
52.03,106.59
52.04,106.6
52.05,106.61
52.06,106.61
52.07,106.62
52.08,106.63
52.09,106.64
52.1,106.65
52.11,106.66
52.12,106.66
52.13,106.67
52.14,106.68
52.15,106.69
52.16,106.7
52.17,106.7
52.18,106.71
52.19,106.72
52.2,106.73
52.21,106.74
52.22,106.74
52.23,106.75
52.24,106.76
52.25,106.77
52.26,106.78
52.27,106.78
52.28,106.79
52.29,106.8
52.3,106.81
52.31,106.82
52.32,106.82
52.33,106.83
52.34,106.84
52.35,106.85
52.36,106.86
52.37,106.86
52.38,106.87
52.39,106.88
52.4,106.89
52.41,106.9
52.42,106.9
52.43,106.91
52.44,106.92
52.45,106.93
52.46,106.94
52.47,106.94
52.48,106.95
52.49,106.96
52.5,106.97
52.51,106.98
52.52,106.98
52.53,106.99
52.54,107
52.55,107.01
52.56,107.02
52.57,107.02
52.58,107.03
52.59,107.04
52.6,107.05
52.61,107.05
52.62,107.06
52.63,107.07
52.64,107.08
52.65,107.09
52.66,107.09
52.67,107.1
52.68,107.11
52.69,107.12
52.7,107.12
52.71,107.13
52.72,107.14
52.73,107.15
52.74,107.16
52.75,107.16
52.76,107.17
52.77,107.18
52.78,107.19
52.79,107.19
52.8,107.2
52.81,107.21
52.82,107.22
52.83,107.23
52.84,107.23
52.85,107.24
52.86,107.25
52.87,107.26
52.88,107.26
52.89,107.27
52.9,107.28
52.91,107.29
52.92,107.29
52.93,107.3
52.94,107.31
52.95,107.32
52.96,107.32
52.97,107.33
52.98,107.34
52.99,107.35
53,107.35
53.01,107.36
53.02,107.37
53.03,107.38
53.04,107.38
53.05,107.39
53.06,107.4
53.07,107.41
53.08,107.41
53.09,107.42
53.1,107.43
53.11,107.44
53.12,107.44
53.13,107.45
53.14,107.46
53.15,107.47
53.16,107.47
53.17,107.48
53.18,107.49
53.19,107.5
53.2,107.5
53.21,107.51
53.22,107.52
53.23,107.53
53.24,107.53
53.25,107.54
53.26,107.55
53.27,107.56
53.28,107.56
53.29,107.57
53.3,107.58
53.31,107.59
53.32,107.59
53.33,107.6
53.34,107.61
53.35,107.61
53.36,107.62
53.37,107.63
53.38,107.64
53.39,107.64
53.4,107.65
53.41,107.66
53.42,107.67
53.43,107.67
53.44,107.68
53.45,107.69
53.46,107.69
53.47,107.7
53.48,107.71
53.49,107.72
53.5,107.72
53.51,107.73
53.52,107.74
53.53,107.74
53.54,107.75
53.55,107.76
53.56,107.77
53.57,107.77
53.58,107.78
53.59,107.79
53.6,107.79
53.61,107.8
53.62,107.81
53.63,107.82
53.64,107.82
53.65,107.83
53.66,107.84
53.67,107.84
53.68,107.85
53.69,107.86
53.7,107.86
53.71,107.87
53.72,107.88
53.73,107.89
53.74,107.89
53.75,107.9
53.76,107.91
53.77,107.91
53.78,107.92
53.79,107.93
53.8,107.93
53.81,107.94
53.82,107.95
53.83,107.95
53.84,107.96
53.85,107.97
53.86,107.98
53.87,107.98
53.88,107.99
53.89,108
53.9,108
53.91,108.01
53.92,108.02
53.93,108.02
53.94,108.03
53.95,108.04
53.96,108.04
53.97,108.05
53.98,108.06
53.99,108.06
54,108.07
54.01,108.08
54.02,108.08
54.03,108.09
54.04,108.1
54.05,108.1
54.06,108.11
54.07,108.12
54.08,108.12
54.09,108.13
54.1,108.14
54.11,108.14
54.12,108.15
54.13,108.16
54.14,108.16
54.15,108.17
54.16,108.18
54.17,108.18
54.18,108.19
54.19,108.2
54.2,108.2
54.21,108.21
54.22,108.22
54.23,108.22
54.24,108.23
54.25,108.24
54.26,108.24
54.27,108.25
54.28,108.26
54.29,108.26
54.3,108.27
54.31,108.27
54.32,108.28
54.33,108.29
54.34,108.29
54.35,108.3
54.36,108.31
54.37,108.31
54.38,108.32
54.39,108.33
54.4,108.33
54.41,108.34
54.42,108.34
54.43,108.35
54.44,108.36
54.45,108.36
54.46,108.37
54.47,108.38
54.48,108.38
54.49,108.39
54.5,108.4
54.51,108.4
54.52,108.41
54.53,108.41
54.54,108.42
54.55,108.43
54.56,108.43
54.57,108.44
54.58,108.44
54.59,108.45
54.6,108.46
54.61,108.46
54.62,108.47
54.63,108.48
54.64,108.48
54.65,108.49
54.66,108.49
54.67,108.5
54.68,108.51
54.69,108.51
54.7,108.52
54.71,108.52
54.72,108.53
54.73,108.54
54.74,108.54
54.75,108.55
54.76,108.55
54.77,108.56
54.78,108.57
54.79,108.57
54.8,108.58
54.81,108.58
54.82,108.59
54.83,108.6
54.84,108.6
54.85,108.61
54.86,108.61
54.87,108.62
54.88,108.62
54.89,108.63
54.9,108.64
54.91,108.64
54.92,108.65
54.93,108.65
54.94,108.66
54.95,108.67
54.96,108.67
54.97,108.68
54.98,108.68
54.99,108.69
55,108.69
55.01,108.7
55.02,108.71
55.03,108.71
55.04,108.72
55.05,108.72
55.06,108.73
55.07,108.73
55.08,108.74
55.09,108.74
55.1,108.75
55.11,108.76
55.12,108.76
55.13,108.77
55.14,108.77
55.15,108.78
55.16,108.78
55.17,108.79
55.18,108.79
55.19,108.8
55.2,108.81
55.21,108.81
55.22,108.82
55.23,108.82
55.24,108.83
55.25,108.83
55.26,108.84
55.27,108.84
55.28,108.85
55.29,108.85
55.3,108.86
55.31,108.86
55.32,108.87
55.33,108.87
55.34,108.88
55.35,108.89
55.36,108.89
55.37,108.9
55.38,108.9
55.39,108.91
55.4,108.91
55.41,108.92
55.42,108.92
55.43,108.93
55.44,108.93
55.45,108.94
55.46,108.94
55.47,108.95
55.48,108.95
55.49,108.96
55.5,108.96
55.51,108.97
55.52,108.97
55.53,108.98
55.54,108.98
55.55,108.99
55.56,108.99
55.57,109
55.58,109
55.59,109.01
55.6,109.01
55.61,109.02
55.62,109.02
55.63,109.03
55.64,109.03
55.65,109.04
55.66,109.04
55.67,109.05
55.68,109.05
55.69,109.06
55.7,109.06
55.71,109.07
55.72,109.07
55.73,109.08
55.74,109.08
55.75,109.09
55.76,109.09
55.77,109.09
55.78,109.1
55.79,109.1
55.8,109.11
55.81,109.11
55.82,109.12
55.83,109.12
55.84,109.13
55.85,109.13
55.86,109.14
55.87,109.14
55.88,109.15
55.89,109.15
55.9,109.15
55.91,109.16
55.92,109.16
55.93,109.17
55.94,109.17
55.95,109.18
55.96,109.18
55.97,109.19
55.98,109.19
55.99,109.19
56,109.2
56.01,109.2
56.02,109.21
56.03,109.21
56.04,109.22
56.05,109.22
56.06,109.22
56.07,109.23
56.08,109.23
56.09,109.24
56.1,109.24
56.11,109.25
56.12,109.25
56.13,109.25
56.14,109.26
56.15,109.26
56.16,109.27
56.17,109.27
56.18,109.27
56.19,109.28
56.2,109.28
56.21,109.29
56.22,109.29
56.23,109.29
56.24,109.3
56.25,109.3
56.26,109.31
56.27,109.31
56.28,109.31
56.29,109.32
56.3,109.32
56.31,109.33
56.32,109.33
56.33,109.33
56.34,109.34
56.35,109.34
56.36,109.35
56.37,109.35
56.38,109.35
56.39,109.36
56.4,109.36
56.41,109.36
56.42,109.37
56.43,109.37
56.44,109.38
56.45,109.38
56.46,109.38
56.47,109.39
56.48,109.39
56.49,109.39
56.5,109.4
56.51,109.4
56.52,109.4
56.53,109.41
56.54,109.41
56.55,109.41
56.56,109.42
56.57,109.42
56.58,109.42
56.59,109.43
56.6,109.43
56.61,109.43
56.62,109.44
56.63,109.44
56.64,109.45
56.65,109.45
56.66,109.45
56.67,109.45
56.68,109.46
56.69,109.46
56.7,109.46
56.71,109.47
56.72,109.47
56.73,109.47
56.74,109.48
56.75,109.48
56.76,109.48
56.77,109.49
56.78,109.49
56.79,109.49
56.8,109.5
56.81,109.5
56.82,109.5
56.83,109.5
56.84,109.51
56.85,109.51
56.86,109.51
56.87,109.52
56.88,109.52
56.89,109.52
56.9,109.53
56.91,109.53
56.92,109.53
56.93,109.53
56.94,109.54
56.95,109.54
56.96,109.54
56.97,109.54
56.98,109.55
56.99,109.55
57,109.55
57.01,109.56
57.02,109.56
57.03,109.56
57.04,109.56
57.05,109.57
57.06,109.57
57.07,109.57
57.08,109.57
57.09,109.58
57.1,109.58
57.11,109.58
57.12,109.58
57.13,109.59
57.14,109.59
57.15,109.59
57.16,109.59
57.17,109.59
57.18,109.6
57.19,109.6
57.2,109.6
