0,74.08,0,0,0,6.96,0,23.2
0.47909,74.08,0.50063,6.7829e-05,0.50063,6.9601,0.50063,23.2
0.95819,74.08,1.0013,0.00025491,1.0013,6.9603,1.0013,23.2
1.4373,74.081,1.5019,0.00055299,1.5019,6.9606,1.5019,23.201
1.9164,74.081,2.0025,0.00095797,2.0025,6.961,2.0025,23.201
2.3955,74.081,2.5031,0.0014671,2.5031,6.9615,2.5031,23.201
2.8746,74.081,3.0038,0.0020782,3.0038,6.9621,3.0038,23.202
3.3537,74.082,3.5044,0.0027897,3.5044,6.9628,3.5044,23.203
3.8328,74.082,4.005,0.0036001,4.005,6.9636,4.005,23.204
4.3118,74.082,4.5056,0.0045084,4.5056,6.9645,4.5056,23.205
4.7909,74.082,5.0063,0.0055134,5.0063,6.9655,5.0063,23.206
5.27,74.083,5.5069,0.0066142,5.5069,6.9666,5.5069,23.207
5.7491,74.083,6.0075,0.00781,6.0075,6.9678,6.0075,23.208
6.2282,74.083,6.5081,0.0091001,6.5081,6.9691,6.5081,23.209
6.7073,74.083,7.0088,0.010484,7.0088,6.9705,7.0088,23.21
7.1864,74.084,7.5094,0.011961,7.5094,6.972,7.5094,23.212
7.6655,74.084,8.01,0.01353,8.01,6.9735,8.01,23.214
8.1446,74.084,8.5106,0.015191,8.5106,6.9752,8.5106,23.215
8.6237,74.084,9.0113,0.016943,9.0113,6.9769,9.0113,23.217
9.1028,74.085,9.5119,0.018786,9.5119,6.9788,9.5119,23.219
9.5819,74.085,10.013,0.02072,10.013,6.9807,10.013,23.221
10.061,74.085,10.513,0.022743,10.513,6.9827,10.513,23.223
10.54,74.085,11.014,0.024857,11.014,6.9849,11.014,23.225
11.019,74.086,11.514,0.027059,11.514,6.9871,11.514,23.227
11.498,74.086,12.015,0.029351,12.015,6.9894,12.015,23.229
11.977,74.086,12.516,0.031731,12.516,6.9917,12.516,23.232
12.456,74.086,13.016,0.034199,13.016,6.9942,13.016,23.234
12.936,74.087,13.517,0.036755,13.517,6.9968,13.517,23.237
13.415,74.087,14.018,0.039399,14.018,6.9994,14.018,23.239
13.894,74.087,14.518,0.042131,14.518,7.0021,14.518,23.242
14.373,74.087,15.019,0.044949,15.019,7.0049,15.019,23.245
14.852,74.088,15.519,0.047854,15.519,7.0079,15.519,23.248
15.331,74.088,16.02,0.050846,16.02,7.0108,16.02,23.251
15.81,74.088,16.521,0.053924,16.521,7.0139,16.521,23.254
16.289,74.088,17.021,0.057088,17.021,7.0171,17.021,23.257
16.768,74.089,17.522,0.060337,17.522,7.0203,17.522,23.26
17.247,74.089,18.023,0.063673,18.023,7.0237,18.023,23.264
17.726,74.089,18.523,0.067094,18.523,7.0271,18.523,23.267
18.206,74.089,19.024,0.0706,19.024,7.0306,19.024,23.271
18.685,74.09,19.524,0.074191,19.524,7.0342,19.524,23.274
19.164,74.09,20.025,0.077867,20.025,7.0379,20.025,23.278
19.643,74.09,20.526,0.081627,20.526,7.0416,20.526,23.282
20.122,74.09,21.026,0.085472,21.026,7.0455,21.026,23.285
20.601,74.091,21.527,0.089401,21.527,7.0494,21.527,23.289
21.08,74.091,22.028,0.093414,22.028,7.0534,22.028,23.293
21.559,74.091,22.528,0.097511,22.528,7.0575,22.528,23.298
22.038,74.091,23.029,0.10169,23.029,7.0617,23.029,23.302
22.517,74.092,23.529,0.10596,23.529,7.066,23.529,23.306
22.997,74.092,24.03,0.1103,24.03,7.0703,24.03,23.31
23.476,74.092,24.531,0.11473,24.531,7.0747,24.531,23.315
23.955,74.092,25.031,0.11925,25.031,7.0792,25.031,23.319
24.434,74.093,25.532,0.12384,25.532,7.0838,25.532,23.324
24.913,74.093,26.033,0.12852,26.033,7.0885,26.033,23.329
25.392,74.093,26.533,0.13329,26.533,7.0933,26.533,23.333
25.871,74.093,27.034,0.13813,27.034,7.0981,27.034,23.338
26.35,74.094,27.534,0.14306,27.534,7.1031,27.534,23.343
26.829,74.094,28.035,0.14807,28.035,7.1081,28.035,23.348
27.308,74.094,28.536,0.15316,28.536,7.1132,28.536,23.353
27.787,74.094,29.036,0.15833,29.036,7.1183,29.036,23.358
28.267,74.095,29.537,0.16359,29.537,7.1236,29.537,23.364
28.746,74.095,30.038,0.16892,30.038,7.1289,30.038,23.369
29.225,74.095,30.538,0.17434,30.538,7.1343,30.538,23.374
29.704,74.095,31.039,0.17984,31.039,7.1398,31.039,23.38
30.183,74.096,31.539,0.18542,31.539,7.1454,31.539,23.385
30.662,74.096,32.04,0.19108,32.04,7.1511,32.04,23.391
31.141,74.096,32.541,0.19683,32.541,7.1568,32.541,23.397
31.62,74.096,33.041,0.20265,33.041,7.1626,33.041,23.403
32.099,74.097,33.542,0.20855,33.542,7.1686,33.542,23.409
32.578,74.097,34.043,0.21454,34.043,7.1745,34.043,23.415
33.057,74.097,34.543,0.22061,34.543,7.1806,34.543,23.421
33.537,74.097,35.044,0.22675,35.044,7.1868,35.044,23.427
34.016,74.097,35.544,0.23298,35.544,7.193,35.544,23.433
34.495,74.098,36.045,0.23929,36.045,7.1993,36.045,23.439
34.974,74.098,36.546,0.24568,36.546,7.2057,36.546,23.446
35.453,74.098,37.046,0.25214,37.046,7.2121,37.046,23.452
35.932,74.098,37.547,0.25869,37.547,7.2187,37.547,23.459
36.411,74.099,38.048,0.26532,38.048,7.2253,38.048,23.465
36.89,74.099,38.548,0.27203,38.548,7.232,38.548,23.472
37.369,74.099,39.049,0.27882,39.049,7.2388,39.049,23.479
37.848,74.099,39.549,0.28568,39.549,7.2457,39.549,23.486
38.328,74.1,40.05,0.29263,40.05,7.2526,40.05,23.493
38.807,74.1,40.551,0.29966,40.551,7.2597,40.551,23.5
39.286,74.1,41.051,0.30676,41.051,7.2668,41.051,23.507
39.765,74.1,41.552,0.31395,41.552,7.2739,41.552,23.514
40.244,74.101,42.053,0.32121,42.053,7.2812,42.053,23.521
40.723,74.101,42.553,0.32855,42.553,7.2886,42.553,23.529
41.202,74.101,43.054,0.33598,43.054,7.296,43.054,23.536
41.681,74.101,43.554,0.34348,43.554,7.3035,43.554,23.543
42.16,74.102,44.055,0.35106,44.055,7.3111,44.055,23.551
42.639,74.102,44.556,0.35872,44.556,7.3187,44.556,23.559
43.118,74.102,45.056,0.36645,45.056,7.3265,45.056,23.566
43.598,74.102,45.557,0.37427,45.557,7.3343,45.557,23.574
44.077,74.103,46.058,0.38217,46.058,7.3422,46.058,23.582
44.556,74.103,46.558,0.39014,46.558,7.3501,46.558,23.59
45.035,74.103,47.059,0.39819,47.059,7.3582,47.059,23.598
45.514,74.103,47.559,0.40632,47.559,7.3663,47.559,23.606
45.993,74.104,48.06,0.41453,48.06,7.3745,48.06,23.615
46.472,74.104,48.561,0.42282,48.561,7.3828,48.561,23.623
46.951,74.104,49.061,0.43118,49.061,7.3912,49.061,23.631
47.43,74.104,49.562,0.43962,49.562,7.3996,49.562,23.64
47.909,74.105,50.063,0.44814,50.063,7.4081,50.063,23.648
48.389,74.105,50.563,0.45674,50.563,7.4167,50.563,23.657
48.868,74.105,51.064,0.46542,51.064,7.4254,51.064,23.665
49.347,74.105,51.564,0.47417,51.564,7.4342,51.564,23.674
49.826,74.106,52.065,0.483,52.065,7.443,52.065,23.683
50.305,74.106,52.566,0.49191,52.566,7.4519,52.566,23.692
50.784,74.106,53.066,0.5009,53.066,7.4609,53.066,23.701
51.263,74.106,53.567,0.50996,53.567,7.47,53.567,23.71
51.742,74.107,54.068,0.51911,54.068,7.4791,54.068,23.719
52.221,74.107,54.568,0.52833,54.568,7.4883,54.568,23.728
52.7,74.107,55.069,0.53762,55.069,7.4976,55.069,23.738
53.179,74.107,55.569,0.547,55.569,7.507,55.569,23.747
53.659,74.108,56.07,0.55645,56.07,7.5164,56.07,23.756
54.138,74.108,56.571,0.56597,56.571,7.526,56.571,23.766
54.617,74.108,57.071,0.57558,57.071,7.5356,57.071,23.776
55.096,74.108,57.572,0.58526,57.572,7.5453,57.572,23.785
55.575,74.109,58.073,0.59502,58.073,7.555,58.073,23.795
56.054,74.109,58.573,0.60486,58.573,7.5649,58.573,23.805
56.533,74.109,59.074,0.61477,59.074,7.5748,59.074,23.815
57.012,74.109,59.574,0.62476,59.574,7.5848,59.574,23.825
57.491,74.11,60.075,0.63482,60.075,7.5948,60.075,23.835
57.97,74.11,60.576,0.64497,60.576,7.605,60.576,23.845
58.449,74.11,61.076,0.65518,61.076,7.6152,61.076,23.855
58.929,74.11,61.577,0.66548,61.577,7.6255,61.577,23.865
59.408,74.111,62.078,0.67585,62.078,7.6359,62.078,23.876
59.887,74.111,62.578,0.6863,62.578,7.6463,62.578,23.886
60.366,74.111,63.079,0.69683,63.079,7.6568,63.079,23.897
60.845,74.111,63.579,0.70743,63.579,7.6674,63.579,23.907
61.324,74.112,64.08,0.7181,64.08,7.6781,64.08,23.918
61.803,74.112,64.581,0.72886,64.581,7.6889,64.581,23.929
62.282,74.112,65.081,0.73969,65.081,7.6997,65.081,23.94
62.761,74.112,65.582,0.75059,65.582,7.7106,65.582,23.951
63.24,74.113,66.083,0.76158,66.083,7.7216,66.083,23.962
63.72,74.113,66.583,0.77263,66.583,7.7326,66.583,23.973
64.199,74.113,67.084,0.78377,67.084,7.7438,67.084,23.984
64.678,74.113,67.584,0.79498,67.584,7.755,67.584,23.995
65.157,74.114,68.085,0.80626,68.085,7.7663,68.085,24.006
65.636,74.114,68.586,0.81762,68.586,7.7776,68.586,24.018
66.115,74.114,69.086,0.82906,69.086,7.7891,69.086,24.029
66.594,74.114,69.587,0.84057,69.587,7.8006,69.587,24.041
67.073,74.115,70.088,0.85216,70.088,7.8122,70.088,24.052
67.552,74.115,70.588,0.86382,70.588,7.8238,70.588,24.064
68.031,74.115,71.089,0.87556,71.089,7.8356,71.089,24.076
68.51,74.115,71.589,0.88738,71.589,7.8474,71.589,24.087
68.99,74.115,72.09,0.89927,72.09,7.8593,72.09,24.099
69.469,74.116,72.591,0.91123,72.591,7.8712,72.591,24.111
69.948,74.116,73.091,0.92327,73.091,7.8833,73.091,24.123
70.427,74.116,73.592,0.93539,73.592,7.8954,73.592,24.135
70.906,74.116,74.093,0.94758,74.093,7.9076,74.093,24.148
71.385,74.117,74.593,0.95985,74.593,7.9198,74.593,24.16
71.864,74.117,75.094,0.97219,75.094,7.9322,75.094,24.172
72.343,74.117,75.594,0.98461,75.594,7.9446,75.594,24.185
72.822,74.117,76.095,0.9971,76.095,7.9571,76.095,24.197
73.301,74.118,76.596,1.0097,76.596,7.9697,76.596,24.21
73.781,74.118,77.096,1.0223,77.096,7.9823,77.096,24.222
74.26,74.118,77.597,1.035,77.597,7.995,77.597,24.235
74.739,74.118,78.098,1.0478,78.098,8.0078,78.098,24.248
75.218,74.119,78.598,1.0607,78.598,8.0207,78.598,24.261
75.697,74.119,79.099,1.0736,79.099,8.0336,79.099,24.274
76.176,74.119,79.599,1.0866,79.599,8.0466,79.599,24.287
76.655,74.119,80.1,1.0997,80.1,8.0597,80.1,24.3
77.134,74.12,80.601,1.1129,80.601,8.0729,80.601,24.313
77.613,74.12,81.101,1.1261,81.101,8.0861,81.101,24.326
78.092,74.12,81.602,1.1394,81.602,8.0994,81.602,24.339
78.571,74.12,82.103,1.1528,82.103,8.1128,82.103,24.353
79.051,74.121,82.603,1.1663,82.603,8.1263,82.603,24.366
79.53,74.121,83.104,1.1798,83.104,8.1398,83.104,24.38
80.009,74.121,83.605,1.1935,83.605,8.1535,83.605,24.393
80.488,74.121,84.105,1.2071,84.105,8.1671,84.105,24.407
80.967,74.122,84.606,1.2209,84.606,8.1809,84.606,24.421
81.446,74.122,85.106,1.2347,85.106,8.1947,85.106,24.435
81.925,74.122,85.607,1.2486,85.607,8.2086,85.607,24.449
82.404,74.122,86.108,1.2626,86.108,8.2226,86.108,24.463
82.883,74.123,86.608,1.2767,86.608,8.2367,86.608,24.477
83.362,74.123,87.109,1.2908,87.109,8.2508,87.109,24.491
83.841,74.123,87.61,1.305,87.61,8.265,87.61,24.505
84.321,74.123,88.11,1.3193,88.11,8.2793,88.11,24.519
84.8,74.124,88.611,1.3337,88.611,8.2937,88.611,24.534
85.279,74.124,89.111,1.3481,89.111,8.3081,89.111,24.548
85.758,74.124,89.612,1.3626,89.612,8.3226,89.612,24.563
86.237,74.124,90.113,1.3772,90.113,8.3372,90.113,24.577
86.716,74.125,90.613,1.3918,90.613,8.3518,90.613,24.592
87.195,74.125,91.114,1.4065,91.114,8.3665,91.114,24.607
87.674,74.125,91.615,1.4213,91.615,8.3813,91.615,24.621
88.153,74.125,92.115,1.4362,92.115,8.3962,92.115,24.636
88.632,74.126,92.616,1.4512,92.616,8.4112,92.616,24.651
89.112,74.126,93.116,1.4662,93.116,8.4262,93.116,24.666
89.591,74.126,93.617,1.4813,93.617,8.4413,93.617,24.681
90.07,74.126,94.118,1.4964,94.118,8.4564,94.118,24.696
90.549,74.127,94.618,1.5117,94.618,8.4717,94.618,24.712
91.028,74.127,95.119,1.527,95.119,8.487,95.119,24.727
91.507,74.127,95.62,1.5424,95.62,8.5024,95.62,24.742
91.986,74.127,96.12,1.5578,96.12,8.5178,96.12,24.758
92.465,74.128,96.621,1.5734,96.621,8.5334,96.621,24.773
92.944,74.128,97.121,1.589,97.121,8.549,97.121,24.789
93.423,74.128,97.622,1.6047,97.622,8.5647,97.622,24.805
93.902,74.128,98.123,1.6204,98.123,8.5804,98.123,24.82
94.382,74.129,98.623,1.6362,98.623,8.5962,98.623,24.836
94.861,74.129,99.124,1.6521,99.124,8.6121,99.124,24.852
95.34,74.129,99.625,1.6681,99.625,8.6281,99.625,24.868
95.819,74.129,100.13,1.6842,100.13,8.6442,100.13,24.884
96.298,74.13,100.63,1.7003,100.63,8.6603,100.63,24.9
96.777,74.13,101.13,1.7165,101.13,8.6765,101.13,24.916
97.256,74.13,101.63,1.7327,101.63,8.6927,101.63,24.933
97.735,74.13,102.13,1.7491,102.13,8.7091,102.13,24.949
98.214,74.131,102.63,1.7655,102.63,8.7255,102.63,24.965
98.693,74.131,103.13,1.782,103.13,8.742,103.13,24.982
99.172,74.131,103.63,1.7985,103.63,8.7585,103.63,24.999
99.652,74.131,104.13,1.8152,104.13,8.7752,104.13,25.015
100.13,74.132,104.63,1.8319,104.63,8.7919,104.63,25.032
100.61,74.132,105.13,1.8487,105.13,8.8087,105.13,25.049
101.09,74.132,105.63,1.8655,105.63,8.8255,105.63,25.066
101.57,74.132,106.13,1.8824,106.13,8.8424,106.13,25.082
102.05,74.132,106.63,1.8994,106.63,8.8594,106.63,25.099
102.53,74.133,107.13,1.9165,107.13,8.8765,107.13,25.116
103.01,74.133,107.63,1.9336,107.63,8.8936,107.63,25.134
103.48,74.133,108.14,1.9508,108.14,8.9108,108.14,25.151
103.96,74.133,108.64,1.9681,108.64,8.9281,108.64,25.168
104.44,74.134,109.14,1.9855,109.14,8.9455,109.14,25.185
104.92,74.134,109.64,2.0029,109.64,8.9629,109.64,25.203
105.4,74.134,110.14,2.0204,110.14,8.9804,110.14,25.22
105.88,74.134,110.64,2.038,110.64,8.998,110.64,25.238
106.36,74.135,111.14,2.0557,111.14,9.0157,111.14,25.256
106.84,74.135,111.64,2.0734,111.64,9.0334,111.64,25.273
107.32,74.135,112.14,2.0912,112.14,9.0512,112.14,25.291
107.8,74.135,112.64,2.109,112.64,9.069,112.64,25.309
108.28,74.136,113.14,2.127,113.14,9.087,113.14,25.327
108.75,74.136,113.64,2.145,113.64,9.105,113.64,25.345
109.23,74.136,114.14,2.1631,114.14,9.1231,114.14,25.363
109.71,74.136,114.64,2.1812,114.64,9.1412,114.64,25.381
110.19,74.137,115.14,2.1995,115.14,9.1595,115.14,25.399
110.67,74.137,115.64,2.2178,115.64,9.1778,115.64,25.418
111.15,74.137,116.15,2.2361,116.15,9.1961,116.15,25.436
111.63,74.137,116.65,2.2546,116.65,9.2146,116.65,25.455
112.11,74.138,117.15,2.2731,117.15,9.2331,117.15,25.473
112.59,74.138,117.65,2.2917,117.65,9.2517,117.65,25.492
113.07,74.138,118.15,2.3104,118.15,9.2704,118.15,25.51
113.55,74.138,118.65,2.3291,118.65,9.2891,118.65,25.529
114.02,74.139,119.15,2.3479,119.15,9.3079,119.15,25.548
114.5,74.139,119.65,2.3668,119.65,9.3268,119.65,25.567
114.98,74.139,120.15,2.3857,120.15,9.3457,120.15,25.586
115.46,74.139,120.65,2.4047,120.65,9.3647,120.65,25.605
115.94,74.14,121.15,2.4238,121.15,9.3838,121.15,25.624
116.42,74.14,121.65,2.443,121.65,9.403,121.65,25.643
116.9,74.14,122.15,2.4622,122.15,9.4222,122.15,25.662
117.38,74.14,122.65,2.4816,122.65,9.4416,122.65,25.682
117.86,74.141,123.15,2.5009,123.15,9.4609,123.15,25.701
118.34,74.141,123.65,2.5204,123.65,9.4804,123.65,25.72
118.82,74.141,124.16,2.5399,124.16,9.4999,124.16,25.74
119.29,74.141,124.66,2.5595,124.66,9.5195,124.66,25.76
119.77,74.142,125.16,2.5792,125.16,9.5392,125.16,25.779
120.25,74.142,125.66,2.5989,125.66,9.5589,125.66,25.799
120.73,74.142,126.16,2.6187,126.16,9.5787,126.16,25.819
121.21,74.142,126.66,2.6386,126.66,9.5986,126.66,25.839
121.69,74.143,127.16,2.6586,127.16,9.6186,127.16,25.859
122.17,74.143,127.66,2.6786,127.66,9.6386,127.66,25.879
122.65,74.143,128.16,2.6987,128.16,9.6587,128.16,25.899
123.13,74.143,128.66,2.7189,128.66,9.6789,128.66,25.919
123.61,74.144,129.16,2.7391,129.16,9.6991,129.16,25.939
124.09,74.144,129.66,2.7594,129.66,9.7194,129.66,25.959
124.56,74.144,130.16,2.7798,130.16,9.7398,130.16,25.98
125.04,74.144,130.66,2.8003,130.66,9.7603,130.66,26
125.52,74.145,131.16,2.8208,131.16,9.7808,131.16,26.021
126,74.145,131.66,2.8414,131.66,9.8014,131.66,26.041
126.48,74.145,132.17,2.8621,132.17,9.8221,132.17,26.062
126.96,74.145,132.67,2.8828,132.67,9.8428,132.67,26.083
127.44,74.146,133.17,2.9036,133.17,9.8636,133.17,26.104
127.92,74.146,133.67,2.9245,133.67,9.8845,133.67,26.125
128.4,74.146,134.17,2.9455,134.17,9.9055,134.17,26.145
128.88,74.146,134.67,2.9665,134.67,9.9265,134.67,26.166
129.36,74.147,135.17,2.9876,135.17,9.9476,135.17,26.188
129.83,74.147,135.67,3.0088,135.67,9.9688,135.67,26.209
130.31,74.147,136.17,3.03,136.17,9.99,136.17,26.23
130.79,74.147,136.67,3.0513,136.67,10.011,136.67,26.251
131.27,74.148,137.17,3.0727,137.17,10.033,137.17,26.273
131.75,74.148,137.67,3.0942,137.67,10.054,137.67,26.294
132.23,74.148,138.17,3.1157,138.17,10.076,138.17,26.316
132.71,74.148,138.67,3.1373,138.67,10.097,138.67,26.337
133.19,74.149,139.17,3.1589,139.17,10.119,139.17,26.359
133.67,74.149,139.67,3.1807,139.67,10.141,139.67,26.381
134.15,74.149,140.18,3.2025,140.18,10.162,140.18,26.402
134.63,74.149,140.68,3.2244,140.68,10.184,140.68,26.424
135.1,74.149,141.18,3.2463,141.18,10.206,141.18,26.446
135.58,74.15,141.68,3.2684,141.68,10.228,141.68,26.468
136.06,74.15,142.18,3.2904,142.18,10.25,142.18,26.49
136.54,74.15,142.68,3.3126,142.68,10.273,142.68,26.513
137.02,74.15,143.18,3.3348,143.18,10.295,143.18,26.535
137.5,74.151,143.68,3.3572,143.68,10.317,143.68,26.557
137.98,74.151,144.18,3.3795,144.18,10.34,144.18,26.58
138.46,74.151,144.68,3.402,144.68,10.362,144.68,26.602
138.94,74.151,145.18,3.4245,145.18,10.384,145.18,26.624
139.42,74.152,145.68,3.4471,145.68,10.407,145.68,26.647
139.9,74.152,146.18,3.4697,146.18,10.43,146.18,26.67
140.37,74.152,146.68,3.4925,146.68,10.452,146.68,26.692
140.85,74.152,147.18,3.5153,147.18,10.475,147.18,26.715
141.33,74.153,147.68,3.5382,147.68,10.498,147.68,26.738
141.81,74.153,148.19,3.5611,148.19,10.521,148.19,26.761
142.29,74.153,148.69,3.5841,148.69,10.544,148.69,26.784
142.77,74.153,149.19,3.6072,149.19,10.567,149.19,26.807
143.25,74.154,149.69,3.6304,149.69,10.59,149.69,26.83
143.73,74.154,150.19,3.6536,150.19,10.614,150.19,26.854
144.21,74.154,150.69,3.6769,150.69,10.637,150.69,26.877
144.69,74.154,151.19,3.7002,151.19,10.66,151.19,26.9
145.17,74.155,151.69,3.7237,151.69,10.684,151.69,26.924
145.64,74.155,152.19,3.7472,152.19,10.707,152.19,26.947
146.12,74.155,152.69,3.7708,152.69,10.731,152.69,26.971
146.6,74.155,153.19,3.7944,153.19,10.754,153.19,26.994
147.08,74.156,153.69,3.8181,153.69,10.778,153.69,27.018
147.56,74.156,154.19,3.8419,154.19,10.802,154.19,27.042
148.04,74.156,154.69,3.8658,154.69,10.826,154.69,27.066
148.52,74.156,155.19,3.8897,155.19,10.85,155.19,27.09
149,74.157,155.69,3.9137,155.69,10.874,155.69,27.114
149.48,74.157,156.2,3.9378,156.2,10.898,156.2,27.138
149.96,74.157,156.7,3.9619,156.7,10.922,156.7,27.162
150.44,74.157,157.2,3.9861,157.2,10.946,157.2,27.186
150.91,74.158,157.7,4.0104,157.7,10.97,157.7,27.21
151.39,74.158,158.2,4.0348,158.2,10.995,158.2,27.235
151.87,74.158,158.7,4.0592,158.7,11.019,158.7,27.259
152.35,74.158,159.2,4.0837,159.2,11.044,159.2,27.284
152.83,74.159,159.7,4.1082,159.7,11.068,159.7,27.308
153.31,74.159,160.2,4.1329,160.2,11.093,160.2,27.333
153.79,74.159,160.7,4.1576,160.7,11.118,160.7,27.358
154.27,74.159,161.2,4.1824,161.2,11.142,161.2,27.382
154.75,74.16,161.7,4.2072,161.7,11.167,161.7,27.407
155.23,74.16,162.2,4.2321,162.2,11.192,162.2,27.432
155.71,74.16,162.7,4.2571,162.7,11.217,162.7,27.457
156.18,74.16,163.2,4.2822,163.2,11.242,163.2,27.482
156.66,74.161,163.7,4.3073,163.7,11.267,163.7,27.507
157.14,74.161,164.21,4.3325,164.21,11.292,164.21,27.532
157.62,74.161,164.71,4.3577,164.71,11.318,164.71,27.558
158.1,74.161,165.21,4.3831,165.21,11.343,165.21,27.583
158.58,74.162,165.71,4.4085,165.71,11.368,165.71,27.608
159.06,74.162,166.21,4.4339,166.21,11.394,166.21,27.634
159.54,74.162,166.71,4.4595,166.71,11.419,166.71,27.659
160.02,74.162,167.21,4.4851,167.21,11.445,167.21,27.685
160.5,74.163,167.71,4.5108,167.71,11.471,167.71,27.711
160.98,74.163,168.21,4.5365,168.21,11.497,168.21,27.737
161.45,74.163,168.71,4.5624,168.71,11.522,168.71,27.762
161.93,74.163,169.21,4.5883,169.21,11.548,169.21,27.788
162.41,74.164,169.71,4.6142,169.71,11.574,169.71,27.814
162.89,74.164,170.21,4.6402,170.21,11.6,170.21,27.84
163.37,74.164,170.71,4.6664,170.71,11.626,170.71,27.866
163.85,74.164,171.21,4.6925,171.21,11.653,171.21,27.893
164.33,74.165,171.71,4.7188,171.71,11.679,171.71,27.919
164.81,74.165,172.22,4.7451,172.22,11.705,172.22,27.945
165.29,74.165,172.72,4.7715,172.72,11.731,172.72,27.971
165.77,74.165,173.22,4.7979,173.22,11.758,173.22,27.998
166.25,74.166,173.72,4.8244,173.72,11.784,173.72,28.024
166.72,74.166,174.22,4.851,174.22,11.811,174.22,28.051
167.2,74.166,174.72,4.8777,174.72,11.838,174.72,28.078
167.68,74.166,175.22,4.9044,175.22,11.864,175.22,28.104
168.16,74.167,175.72,4.9312,175.72,11.891,175.72,28.131
168.64,74.167,176.22,4.9581,176.22,11.918,176.22,28.158
169.12,74.167,176.72,4.985,176.72,11.945,176.72,28.185
169.6,74.167,177.22,5.012,177.22,11.972,177.22,28.212
170.08,74.167,177.72,5.0391,177.72,11.999,177.72,28.239
170.56,74.168,178.22,5.0662,178.22,12.026,178.22,28.266
171.04,74.168,178.72,5.0935,178.72,12.053,178.72,28.293
171.52,74.168,179.22,5.1207,179.22,12.081,179.22,28.321
171.99,74.168,179.72,5.1481,179.72,12.108,179.72,28.348
172.47,74.169,180.23,5.1755,180.23,12.136,180.23,28.376
172.95,74.169,180.73,5.203,180.73,12.163,180.73,28.403
173.43,74.169,181.23,5.2306,181.23,12.191,181.23,28.431
173.91,74.169,181.73,5.2582,181.73,12.218,181.73,28.458
174.39,74.17,182.23,5.2859,182.23,12.246,182.23,28.486
174.87,74.17,182.73,5.3137,182.73,12.274,182.73,28.514
175.35,74.17,183.23,5.3415,183.23,12.302,183.23,28.542
175.83,74.17,183.73,5.3694,183.73,12.329,183.73,28.569
176.31,74.171,184.23,5.3974,184.23,12.357,184.23,28.597
176.79,74.171,184.73,5.4255,184.73,12.385,184.73,28.625
177.26,74.171,185.23,5.4536,185.23,12.414,185.23,28.654
177.74,74.171,185.73,5.4818,185.73,12.442,185.73,28.682
178.22,74.172,186.23,5.51,186.23,12.47,186.23,28.71
178.7,74.172,186.73,5.5384,186.73,12.498,186.73,28.738
179.18,74.172,187.23,5.5667,187.23,12.527,187.23,28.767
179.66,74.172,187.73,5.5952,187.73,12.555,187.73,28.795
180.14,74.173,188.24,5.6237,188.24,12.584,188.24,28.824
180.62,74.173,188.74,5.6523,188.74,12.612,188.74,28.852
181.1,74.173,189.24,5.681,189.24,12.641,189.24,28.881
181.58,74.173,189.74,5.7098,189.74,12.67,189.74,28.91
182.06,74.174,190.24,5.7386,190.24,12.699,190.24,28.939
182.53,74.174,190.74,5.7674,190.74,12.727,190.74,28.967
183.01,74.174,191.24,5.7964,191.24,12.756,191.24,28.996
183.49,74.174,191.74,5.8254,191.74,12.785,191.74,29.025
183.97,74.175,192.24,5.8545,192.24,12.814,192.24,29.054
184.45,74.175,192.74,5.8836,192.74,12.844,192.74,29.084
184.93,74.175,193.24,5.9129,193.24,12.873,193.24,29.113
185.41,74.175,193.74,5.9422,193.74,12.902,193.74,29.142
185.89,74.176,194.24,5.9715,194.24,12.932,194.24,29.172
186.37,74.176,194.74,6.001,194.74,12.961,194.74,29.201
186.85,74.176,195.24,6.0305,195.24,12.99,195.24,29.23
187.33,74.176,195.74,6.06,195.74,13.02,195.74,29.26
187.8,74.177,196.25,6.0897,196.25,13.05,196.25,29.29
188.28,74.177,196.75,6.1194,196.75,13.079,196.75,29.319
188.76,74.177,197.25,6.1491,197.25,13.109,197.25,29.349
189.24,74.177,197.75,6.179,197.75,13.139,197.75,29.379
189.72,74.178,198.25,6.2089,198.25,13.169,198.25,29.409
190.2,74.178,198.75,6.2389,198.75,13.199,198.75,29.439
190.68,74.178,199.25,6.2689,199.25,13.229,199.25,29.469
191.16,74.178,199.75,6.299,199.75,13.259,199.75,29.499
191.64,74.179,200.25,6.3292,200.25,13.289,200.25,29.529
192.12,74.179,200.75,6.3595,200.75,13.319,200.75,29.559
192.6,74.179,201.25,6.3898,201.25,13.35,201.25,29.59
193.07,74.179,201.75,6.4202,201.75,13.38,201.75,29.62
193.55,74.18,202.25,6.4507,202.25,13.411,202.25,29.651
194.03,74.18,202.75,6.4812,202.75,13.441,202.75,29.681
194.51,74.18,203.25,6.5118,203.25,13.472,203.25,29.712
194.99,74.18,203.75,6.5425,203.75,13.502,203.75,29.742
195.47,74.181,204.26,6.5732,204.26,13.533,204.26,29.773
195.95,74.181,204.76,6.604,204.76,13.564,204.76,29.804
196.43,74.181,205.26,6.6349,205.26,13.595,205.26,29.835
196.91,74.181,205.76,6.6658,205.76,13.626,205.76,29.866
197.39,74.182,206.26,6.6968,206.26,13.657,206.26,29.897
197.87,74.182,206.76,6.7279,206.76,13.688,206.76,29.928
198.34,74.182,207.26,6.7591,207.26,13.719,207.26,29.959
198.82,74.182,207.76,6.7903,207.76,13.75,207.76,29.99
199.3,74.183,208.26,6.8216,208.26,13.782,208.26,30.022
199.78,74.183,208.76,6.8529,208.76,13.813,208.76,30.053
200.26,74.183,209.26,6.8844,209.26,13.844,209.26,30.084
200.74,74.183,209.76,6.9158,209.76,13.876,209.76,30.116
201.22,74.184,210.26,6.9474,210.26,13.907,210.26,30.147
201.7,74.184,210.76,6.979,210.76,13.939,210.76,30.179
202.18,74.184,211.26,7.0107,211.26,13.971,211.26,30.211
202.66,74.184,211.76,7.0425,211.76,14.002,211.76,30.242
203.14,74.184,212.27,7.0743,212.27,14.034,212.27,30.274
203.62,74.185,212.77,7.1062,212.77,14.066,212.77,30.306
204.09,74.185,213.27,7.1382,213.27,14.098,213.27,30.338
204.57,74.185,213.77,7.1702,213.77,14.13,213.77,30.37
205.05,74.185,214.27,7.2023,214.27,14.162,214.27,30.402
205.53,74.186,214.77,7.2345,214.77,14.195,214.77,30.435
206.01,74.186,215.27,7.2668,215.27,14.227,215.27,30.467
206.49,74.186,215.77,7.2991,215.77,14.259,215.77,30.499
206.97,74.186,216.27,7.3315,216.27,14.291,216.27,30.531
207.45,74.187,216.77,7.3639,216.77,14.324,216.77,30.564
207.93,74.187,217.27,7.3964,217.27,14.356,217.27,30.596
208.41,74.187,217.77,7.429,217.77,14.389,217.77,30.629
208.89,74.187,218.27,7.4617,218.27,14.422,218.27,30.662
209.36,74.188,218.77,7.4944,218.77,14.454,218.77,30.694
209.84,74.188,219.27,7.5272,219.27,14.487,219.27,30.727
210.32,74.188,219.77,7.56,219.77,14.52,219.77,30.76
210.8,74.188,220.28,7.593,220.28,14.553,220.28,30.793
211.28,74.189,220.78,7.626,220.78,14.586,220.78,30.826
211.76,74.189,221.28,7.659,221.28,14.619,221.28,30.859
212.24,74.189,221.78,7.6921,221.78,14.652,221.78,30.892
212.72,74.189,222.28,7.7253,222.28,14.685,222.28,30.925
213.2,74.19,222.78,7.7586,222.78,14.719,222.78,30.959
213.68,74.19,223.28,7.792,223.28,14.752,223.28,30.992
214.16,74.19,223.78,7.8254,223.78,14.785,223.78,31.025
214.63,74.19,224.28,7.8588,224.28,14.819,224.28,31.059
215.11,74.191,224.78,7.8924,224.78,14.852,224.78,31.092
215.59,74.191,225.28,7.926,225.28,14.886,225.28,31.126
216.07,74.191,225.78,7.9596,225.78,14.92,225.78,31.16
216.55,74.191,226.28,7.9934,226.28,14.953,226.28,31.193
217.03,74.192,226.78,8.0272,226.78,14.987,226.78,31.227
217.51,74.192,227.28,8.0611,227.28,15.021,227.28,31.261
217.99,74.192,227.78,8.095,227.78,15.055,227.78,31.295
218.47,74.192,228.29,8.129,228.29,15.089,228.29,31.329
218.95,74.193,228.79,8.1631,228.79,15.123,228.79,31.363
219.43,74.193,229.29,8.1973,229.29,15.157,229.29,31.397
219.9,74.193,229.79,8.2315,229.79,15.191,229.79,31.431
220.38,74.193,230.29,8.2658,230.29,15.226,230.29,31.466
220.86,74.194,230.79,8.3001,230.79,15.26,230.79,31.5
221.34,74.194,231.29,8.3346,231.29,15.295,231.29,31.535
221.82,74.194,231.79,8.3691,231.79,15.329,231.79,31.569
222.3,74.194,232.29,8.4036,232.29,15.364,232.29,31.604
222.78,74.195,232.79,8.4382,232.79,15.398,232.79,31.638
223.26,74.195,233.29,8.4729,233.29,15.433,233.29,31.673
223.74,74.195,233.79,8.5077,233.79,15.468,233.79,31.708
224.22,74.195,234.29,8.5425,234.29,15.503,234.29,31.743
224.7,74.196,234.79,8.5774,234.79,15.537,234.79,31.777
225.17,74.196,235.29,8.6124,235.29,15.572,235.29,31.812
225.65,74.196,235.79,8.6474,235.79,15.607,235.79,31.847
226.13,74.196,236.3,8.6825,236.3,15.643,236.3,31.883
226.61,74.197,236.8,8.7177,236.8,15.678,236.8,31.918
227.09,74.197,237.3,8.7529,237.3,15.713,237.3,31.953
227.57,74.197,237.8,8.7882,237.8,15.748,237.8,31.988
228.05,74.197,238.3,8.8236,238.3,15.784,238.3,32.024
228.53,74.198,238.8,8.859,238.8,15.819,238.8,32.059
229.01,74.198,239.3,8.8945,239.3,15.855,239.3,32.095
229.49,74.198,239.8,8.9301,239.8,15.89,239.8,32.13
229.97,74.198,240.3,8.9658,240.3,15.926,240.3,32.166
230.44,74.199,240.8,9.0015,240.8,15.961,240.8,32.201
230.92,74.199,241.3,9.0373,241.3,15.997,241.3,32.237
231.4,74.199,241.8,9.0731,241.8,16.033,241.8,32.273
231.88,74.199,242.3,9.109,242.3,16.069,242.3,32.309
232.36,74.2,242.8,9.145,242.8,16.105,242.8,32.345
232.84,74.2,243.3,9.181,243.3,16.141,243.3,32.381
233.32,74.2,243.8,9.2172,243.8,16.177,243.8,32.417
233.8,74.2,244.31,9.2533,244.31,16.213,244.31,32.453
234.28,74.201,244.81,9.2896,244.81,16.25,244.81,32.49
234.76,74.201,245.31,9.3259,245.31,16.286,245.31,32.526
235.24,74.201,245.81,9.3623,245.81,16.322,245.81,32.562
235.71,74.201,246.31,9.3987,246.31,16.359,246.31,32.599
236.19,74.201,246.81,9.4353,246.81,16.395,246.81,32.635
236.67,74.202,247.31,9.4719,247.31,16.432,247.31,32.672
237.15,74.202,247.81,9.5085,247.81,16.469,247.81,32.709
237.63,74.202,248.31,9.5452,248.31,16.505,248.31,32.745
238.11,74.202,248.81,9.582,248.81,16.542,248.81,32.782
238.59,74.203,249.31,9.6189,249.31,16.579,249.31,32.819
239.07,74.203,249.81,9.6558,249.81,16.616,249.81,32.856
239.07,74.164,250.31,9.6928,250.31,16.653,250.31,32.893
239.61,74,250.81,9.7299,250.81,16.69,250.81,32.93
240.14,73.837,251.31,9.767,251.31,16.727,251.31,32.967
240.68,73.675,251.81,9.8042,251.81,16.764,251.81,33.004
241.22,73.513,252.32,9.8414,252.32,16.801,252.32,33.041
241.76,73.352,252.82,9.8788,252.82,16.839,252.82,33.079
242.3,73.192,253.32,9.9162,253.32,16.876,253.32,33.116
242.84,73.032,253.82,9.9536,253.82,16.914,253.82,33.154
243.37,72.873,254.32,9.9912,254.32,16.951,254.32,33.191
243.91,72.715,254.82,10.029,254.82,16.989,254.82,33.229
244.45,72.557,255.32,10.066,255.32,17.026,255.32,33.266
244.99,72.4,255.82,10.104,255.82,17.064,255.82,33.304
245.53,72.243,256.32,10.142,256.32,17.102,256.32,33.342
246.07,72.087,256.82,10.18,256.82,17.14,256.82,33.38
246.6,71.932,257.32,10.218,257.32,17.178,257.32,33.418
247.14,71.778,257.82,10.256,257.82,17.216,257.82,33.456
247.68,71.624,258.32,10.294,258.32,17.254,258.32,33.494
248.22,71.47,258.82,10.332,258.82,17.292,258.82,33.532
248.76,71.318,259.32,10.37,259.32,17.33,259.32,33.57
249.29,71.165,259.82,10.408,259.82,17.368,259.82,33.608
249.83,71.014,260.33,10.447,260.33,17.407,260.33,33.647
250.37,70.863,260.83,10.485,260.83,17.445,260.83,33.685
250.91,70.713,261.33,10.524,261.33,17.484,261.33,33.724
251.45,70.563,261.83,10.562,261.83,17.522,261.83,33.762
251.99,70.414,262.33,10.601,262.33,17.561,262.33,33.801
252.52,70.266,262.83,10.639,262.83,17.599,262.83,33.839
253.06,70.118,263.33,10.678,263.33,17.638,263.33,33.878
253.6,69.971,263.83,10.717,263.83,17.677,263.83,33.917
254.14,69.824,264.33,10.756,264.33,17.716,264.33,33.956
254.68,69.678,264.83,10.795,264.83,17.755,264.83,33.995
255.22,69.532,265.33,10.834,265.33,17.794,265.33,34.034
255.75,69.387,265.83,10.873,265.83,17.833,265.83,34.073
256.29,69.243,266.33,10.912,266.33,17.872,266.33,34.112
256.83,69.099,266.83,10.951,266.83,17.911,266.83,34.151
257.37,68.956,267.33,10.991,267.33,17.951,267.33,34.191
257.91,68.813,267.83,11.03,267.83,17.99,267.83,34.23
258.44,68.671,268.34,11.069,268.34,18.029,268.34,34.269
258.98,68.53,268.84,11.109,268.84,18.069,268.84,34.309
259.52,68.389,269.34,11.148,269.34,18.108,269.34,34.348
260.06,68.249,269.84,11.188,269.84,18.148,269.84,34.388
260.6,68.109,270.34,11.228,270.34,18.188,270.34,34.428
261.14,67.97,270.84,11.267,270.84,18.227,270.84,34.467
261.67,67.831,271.34,11.307,271.34,18.267,271.34,34.507
262.21,67.693,271.84,11.347,271.84,18.307,271.84,34.547
262.75,67.555,272.34,11.387,272.34,18.347,272.34,34.587
263.29,67.418,272.84,11.427,272.84,18.387,272.84,34.627
263.83,67.282,273.34,11.467,273.34,18.427,273.34,34.667
264.37,67.146,273.84,11.507,273.84,18.467,273.84,34.707
264.9,67.01,274.34,11.547,274.34,18.507,274.34,34.747
265.44,66.875,274.84,11.588,274.84,18.548,274.84,34.788
265.98,66.741,275.34,11.628,275.34,18.588,275.34,34.828
266.52,66.607,275.84,11.669,275.84,18.629,275.84,34.869
267.06,66.474,276.35,11.709,276.35,18.669,276.35,34.909
267.59,66.341,276.85,11.75,276.85,18.71,276.85,34.95
268.13,66.209,277.35,11.79,277.35,18.75,277.35,34.99
268.67,66.077,277.85,11.831,277.85,18.791,277.85,35.031
269.21,65.946,278.35,11.872,278.35,18.832,278.35,35.072
269.75,65.815,278.85,11.912,278.85,18.872,278.85,35.112
270.29,65.685,279.35,11.953,279.35,18.913,279.35,35.153
270.82,65.555,279.85,11.994,279.85,18.954,279.85,35.194
271.36,65.426,280.35,12.035,280.35,18.995,280.35,35.235
271.9,65.297,280.85,12.076,280.85,19.036,280.85,35.276
272.44,65.169,281.35,12.117,281.35,19.077,281.35,35.317
272.98,65.041,281.85,12.159,281.85,19.119,281.85,35.359
273.51,64.914,282.35,12.2,282.35,19.16,282.35,35.4
274.05,64.788,282.85,12.241,282.85,19.201,282.85,35.441
274.59,64.661,283.35,12.283,283.35,19.243,283.35,35.483
275.13,64.536,283.85,12.324,283.85,19.284,283.85,35.524
275.67,64.41,284.36,12.366,284.36,19.326,284.36,35.566
276.21,64.286,284.86,12.407,284.86,19.367,284.86,35.607
276.74,64.161,285.36,12.449,285.36,19.409,285.36,35.649
277.28,64.038,285.86,12.491,285.86,19.451,285.86,35.691
277.82,63.914,286.36,12.533,286.36,19.493,286.36,35.733
278.36,63.792,286.86,12.575,286.86,19.535,286.86,35.775
278.9,63.669,287.36,12.616,287.36,19.576,287.36,35.816
279.44,63.547,287.86,12.658,287.86,19.618,287.86,35.858
279.97,63.426,288.36,12.701,288.36,19.661,288.36,35.901
280.51,63.305,288.86,12.743,288.86,19.703,288.86,35.943
281.05,63.184,289.36,12.785,289.36,19.745,289.36,35.985
281.59,63.064,289.86,12.827,289.86,19.787,289.86,36.027
282.13,62.945,290.36,12.87,290.36,19.83,290.36,36.07
282.66,62.826,290.86,12.912,290.86,19.872,290.86,36.112
283.2,62.707,291.36,12.954,291.36,19.914,291.36,36.154
283.74,62.589,291.86,12.997,291.86,19.957,291.86,36.197
284.28,62.471,292.37,13.04,292.37,20,292.37,36.24
284.82,62.354,292.87,13.082,292.87,20.042,292.87,36.282
285.36,62.237,293.37,13.125,293.37,20.085,293.37,36.325
285.89,62.121,293.87,13.168,293.87,20.128,293.87,36.368
286.43,62.005,294.37,13.211,294.37,20.171,294.37,36.411
286.97,61.889,294.87,13.254,294.87,20.214,294.87,36.454
287.51,61.774,295.37,13.297,295.37,20.257,295.37,36.497
288.05,61.66,295.87,13.34,295.87,20.3,295.87,36.54
288.59,61.545,296.37,13.383,296.37,20.343,296.37,36.583
289.12,61.432,296.87,13.426,296.87,20.386,296.87,36.626
289.66,61.318,297.37,13.469,297.37,20.429,297.37,36.669
290.2,61.205,297.87,13.513,297.87,20.473,297.87,36.713
290.74,61.093,298.37,13.556,298.37,20.516,298.37,36.756
291.28,60.981,298.87,13.6,298.87,20.56,298.87,36.8
291.81,60.869,299.37,13.643,299.37,20.603,299.37,36.843
292.35,60.758,299.87,13.687,299.87,20.647,299.87,36.887
292.89,60.647,300.38,13.73,300.38,20.69,300.38,36.93
293.43,60.537,300.88,13.774,300.88,20.734,300.88,36.974
293.97,60.427,301.38,13.818,301.38,20.778,301.38,37.018
294.51,60.317,301.88,13.862,301.88,20.822,301.88,37.062
295.04,60.208,302.38,13.906,302.38,20.866,302.38,37.106
295.58,60.099,302.88,13.95,302.88,20.91,302.88,37.15
296.12,59.991,303.38,13.994,303.38,20.954,303.38,37.194
296.66,59.883,303.88,14.038,303.88,20.998,303.88,37.238
297.2,59.776,304.38,14.082,304.38,21.042,304.38,37.282
297.74,59.668,304.88,14.127,304.88,21.087,304.88,37.327
298.27,59.562,305.38,14.171,305.38,21.131,305.38,37.371
298.81,59.455,305.88,14.215,305.88,21.175,305.88,37.415
299.35,59.349,306.38,14.26,306.38,21.22,306.38,37.46
299.89,59.244,306.88,14.304,306.88,21.264,306.88,37.504
300.43,59.139,307.38,14.349,307.38,21.309,307.38,37.549
300.96,59.034,307.88,14.394,307.88,21.354,307.88,37.594
301.5,58.93,308.39,14.438,308.39,21.398,308.39,37.638
302.04,58.826,308.89,14.483,308.89,21.443,308.89,37.683
302.58,58.722,309.39,14.528,309.39,21.488,309.39,37.728
303.12,58.619,309.89,14.573,309.89,21.533,309.89,37.773
303.66,58.516,310.39,14.618,310.39,21.578,310.39,37.818
304.19,58.413,310.89,14.663,310.89,21.623,310.89,37.863
304.73,58.311,311.39,14.708,311.39,21.668,311.39,37.908
305.27,58.21,311.89,14.753,311.89,21.713,311.89,37.953
305.81,58.108,312.39,14.799,312.39,21.759,312.39,37.999
306.35,58.007,312.89,14.844,312.89,21.804,312.89,38.044
306.89,57.907,313.39,14.889,313.39,21.849,313.39,38.089
307.42,57.806,313.89,14.935,313.89,21.895,313.89,38.135
307.96,57.707,314.39,14.98,314.39,21.94,314.39,38.18
308.5,57.607,314.89,15.026,314.89,21.986,314.89,38.226
309.04,57.508,315.39,15.072,315.39,22.032,315.39,38.272
309.58,57.409,315.89,15.117,315.89,22.077,315.89,38.317
310.11,57.311,316.4,15.163,316.4,22.123,316.4,38.363
310.65,57.213,316.9,15.209,316.9,22.169,316.9,38.409
311.19,57.115,317.4,15.255,317.4,22.215,317.4,38.455
311.73,57.018,317.9,15.301,317.9,22.261,317.9,38.501
312.27,56.921,318.4,15.347,318.4,22.307,318.4,38.547
312.81,56.824,318.9,15.393,318.9,22.353,318.9,38.593
313.34,56.728,319.4,15.439,319.4,22.399,319.4,38.639
313.88,56.632,319.9,15.485,319.9,22.445,319.9,38.685
314.42,56.536,320.4,15.532,320.4,22.492,320.4,38.732
314.96,56.441,320.9,15.578,320.9,22.538,320.9,38.778
315.5,56.346,321.4,15.625,321.4,22.585,321.4,38.825
316.04,56.251,321.9,15.671,321.9,22.631,321.9,38.871
316.57,56.157,322.4,15.718,322.4,22.678,322.4,38.918
317.11,56.063,322.9,15.764,322.9,22.724,322.9,38.964
317.65,55.97,323.4,15.811,323.4,22.771,323.4,39.011
318.19,55.876,323.9,15.858,323.9,22.818,323.9,39.058
318.73,55.783,324.41,15.905,324.41,22.865,324.41,39.105
319.26,55.691,324.91,15.952,324.91,22.912,324.91,39.152
319.8,55.599,325.41,15.999,325.41,22.959,325.41,39.199
320.34,55.507,325.91,16.046,325.91,23.006,325.91,39.246
320.88,55.415,326.41,16.093,326.41,23.053,326.41,39.293
321.42,55.324,326.91,16.14,326.91,23.1,326.91,39.34
321.96,55.233,327.41,16.187,327.41,23.147,327.41,39.387
322.49,55.142,327.91,16.234,327.91,23.194,327.91,39.434
323.03,55.052,328.41,16.282,328.41,23.242,328.41,39.482
323.57,54.962,328.91,16.329,328.91,23.289,328.91,39.529
324.11,54.872,329.41,16.377,329.41,23.337,329.41,39.577
324.65,54.783,329.91,16.424,329.91,23.384,329.91,39.624
325.19,54.694,330.41,16.472,330.41,23.432,330.41,39.672
325.72,54.605,330.91,16.52,330.91,23.48,330.91,39.72
326.26,54.517,331.41,16.567,331.41,23.527,331.41,39.767
326.8,54.429,331.91,16.615,331.91,23.575,331.91,39.815
327.34,54.341,332.42,16.663,332.42,23.623,332.42,39.863
327.88,54.253,332.92,16.711,332.92,23.671,332.92,39.911
328.41,54.166,333.42,16.759,333.42,23.719,333.42,39.959
328.95,54.079,333.92,16.807,333.92,23.767,333.92,40.007
329.49,53.993,334.42,16.855,334.42,23.815,334.42,40.055
330.03,53.906,334.92,16.904,334.92,23.864,334.92,40.104
330.57,53.82,335.42,16.952,335.42,23.912,335.42,40.152
331.11,53.735,335.92,17,335.92,23.96,335.92,40.2
331.64,53.649,336.42,17.049,336.42,24.009,336.42,40.249
332.18,53.564,336.92,17.097,336.92,24.057,336.92,40.297
332.72,53.48,337.42,17.146,337.42,24.106,337.42,40.346
333.26,53.395,337.92,17.194,337.92,24.154,337.92,40.394
333.8,53.311,338.42,17.243,338.42,24.203,338.42,40.443
334.34,53.227,338.92,17.292,338.92,24.252,338.92,40.492
334.87,53.143,339.42,17.341,339.42,24.301,339.42,40.541
335.41,53.06,339.92,17.39,339.92,24.35,339.92,40.59
335.95,52.977,340.43,17.438,340.43,24.398,340.43,40.638
336.49,52.894,340.93,17.487,340.93,24.447,340.93,40.687
337.03,52.812,341.43,17.537,341.43,24.497,341.43,40.737
337.56,52.729,341.93,17.586,341.93,24.546,341.93,40.786
338.1,52.648,342.43,17.635,342.43,24.595,342.43,40.835
338.64,52.566,342.93,17.684,342.93,24.644,342.93,40.884
339.18,52.485,343.43,17.734,343.43,24.694,343.43,40.934
339.72,52.403,343.93,17.783,343.93,24.743,343.93,40.983
340.26,52.323,344.43,17.832,344.43,24.792,344.43,41.032
340.79,52.242,344.93,17.882,344.93,24.842,344.93,41.082
341.33,52.162,345.43,17.932,345.43,24.892,345.43,41.132
341.87,52.082,345.93,17.981,345.93,24.941,345.93,41.181
342.41,52.002,346.43,18.031,346.43,24.991,346.43,41.231
342.95,51.923,346.93,18.081,346.93,25.041,346.93,41.281
343.49,51.844,347.43,18.131,347.43,25.091,347.43,41.331
344.02,51.765,347.93,18.181,347.93,25.141,347.93,41.381
344.56,51.686,348.44,18.231,348.44,25.191,348.44,41.431
345.1,51.608,348.94,18.281,348.94,25.241,348.94,41.481
345.64,51.529,349.44,18.331,349.44,25.291,349.44,41.531
346.18,51.452,349.94,18.381,349.94,25.341,349.94,41.581
346.71,51.374,350.44,18.431,350.44,25.391,350.44,41.631
347.25,51.297,350.94,18.482,350.94,25.442,350.94,41.682
347.79,51.22,351.44,18.532,351.44,25.492,351.44,41.732
348.33,51.143,351.94,18.582,351.94,25.542,351.94,41.782
348.87,51.066,352.44,18.633,352.44,25.593,352.44,41.833
349.41,50.99,352.94,18.683,352.94,25.643,352.94,41.883
349.94,50.914,353.44,18.734,353.44,25.694,353.44,41.934
350.48,50.838,353.94,18.785,353.94,25.745,353.94,41.985
351.02,50.762,354.44,18.836,354.44,25.796,354.44,42.036
351.56,50.687,354.94,18.886,354.94,25.846,354.94,42.086
352.1,50.612,355.44,18.937,355.44,25.897,355.44,42.137
352.64,50.537,355.94,18.988,355.94,25.948,355.94,42.188
353.17,50.463,356.45,19.039,356.45,25.999,356.45,42.239
353.71,50.388,356.95,19.091,356.95,26.051,356.95,42.291
354.25,50.314,357.45,19.142,357.45,26.102,357.45,42.342
354.79,50.241,357.95,19.193,357.95,26.153,357.95,42.393
355.33,50.167,358.45,19.244,358.45,26.204,358.45,42.444
355.86,50.094,358.95,19.296,358.95,26.256,358.95,42.496
356.4,50.02,359.45,19.347,359.45,26.307,359.45,42.547
356.94,49.948,359.95,19.399,359.95,26.359,359.95,42.599
357.48,49.875,360.45,19.45,360.45,26.41,360.45,42.65
358.02,49.803,360.95,19.502,360.95,26.462,360.95,42.702
358.56,49.73,361.45,19.553,361.45,26.513,361.45,42.753
359.09,49.658,361.95,19.605,361.95,26.565,361.95,42.805
359.63,49.587,362.45,19.657,362.45,26.617,362.45,42.857
360.17,49.515,362.95,19.709,362.95,26.669,362.95,42.909
360.71,49.444,363.45,19.761,363.45,26.721,363.45,42.961
361.25,49.373,363.95,19.813,363.95,26.773,363.95,43.013
361.79,49.302,364.46,19.865,364.46,26.825,364.46,43.065
362.32,49.232,364.96,19.917,364.96,26.877,364.96,43.117
362.86,49.161,365.46,19.969,365.46,26.929,365.46,43.169
363.4,49.091,365.96,20.022,365.96,26.982,365.96,43.222
363.94,49.021,366.46,20.074,366.46,27.034,366.46,43.274
364.48,48.952,366.96,20.126,366.96,27.086,366.96,43.326
365.01,48.882,367.46,20.179,367.46,27.139,367.46,43.379
365.55,48.813,367.96,20.231,367.96,27.191,367.96,43.431
366.09,48.744,368.46,20.284,368.46,27.244,368.46,43.484
366.63,48.675,368.96,20.337,368.96,27.297,368.96,43.537
367.17,48.607,369.46,20.389,369.46,27.349,369.46,43.589
367.71,48.539,369.96,20.442,369.96,27.402,369.96,43.642
368.24,48.471,370.46,20.495,370.46,27.455,370.46,43.695
368.78,48.403,370.96,20.548,370.96,27.508,370.96,43.748
369.32,48.335,371.46,20.601,371.46,27.561,371.46,43.801
369.86,48.267,371.96,20.654,371.96,27.614,371.96,43.854
370.4,48.2,372.47,20.707,372.47,27.667,372.47,43.907
370.94,48.133,372.97,20.76,372.97,27.72,372.97,43.96
371.47,48.066,373.47,20.814,373.47,27.774,373.47,44.014
372.01,48,373.97,20.867,373.97,27.827,373.97,44.067
372.55,47.933,374.47,20.92,374.47,27.88,374.47,44.12
373.09,47.867,374.97,20.974,374.97,27.934,374.97,44.174
373.63,47.801,375.47,21.027,375.47,27.987,375.47,44.227
374.16,47.735,375.97,21.081,375.97,28.041,375.97,44.281
374.7,47.67,376.47,21.135,376.47,28.095,376.47,44.335
375.24,47.604,376.97,21.188,376.97,28.148,376.97,44.388
375.78,47.539,377.47,21.242,377.47,28.202,377.47,44.442
376.32,47.474,377.97,21.296,377.97,28.256,377.97,44.496
376.86,47.409,378.47,21.35,378.47,28.31,378.47,44.55
377.39,47.345,378.97,21.404,378.97,28.364,378.97,44.604
377.93,47.281,379.47,21.458,379.47,28.418,379.47,44.658
378.47,47.216,379.97,21.512,379.97,28.472,379.97,44.712
379.01,47.152,380.48,21.566,380.48,28.526,380.48,44.766
379.55,47.089,380.98,21.62,380.98,28.58,380.98,44.82
380.09,47.025,381.48,21.675,381.48,28.635,381.48,44.875
380.62,46.962,381.98,21.729,381.98,28.689,381.98,44.929
381.16,46.898,382.48,21.783,382.48,28.743,382.48,44.983
381.7,46.835,382.98,21.838,382.98,28.798,382.98,45.038
382.24,46.773,383.48,21.892,383.48,28.852,383.48,45.092
382.78,46.71,383.98,21.947,383.98,28.907,383.98,45.147
383.31,46.648,384.48,22.002,384.48,28.962,384.48,45.202
383.85,46.585,384.98,22.056,384.98,29.016,384.98,45.256
384.39,46.523,385.48,22.111,385.48,29.071,385.48,45.311
384.93,46.461,385.98,22.166,385.98,29.126,385.98,45.366
385.47,46.4,386.48,22.221,386.48,29.181,386.48,45.421
386.01,46.338,386.98,22.276,386.98,29.236,386.98,45.476
386.54,46.277,387.48,22.331,387.48,29.291,387.48,45.531
387.08,46.216,387.98,22.386,387.98,29.346,387.98,45.586
387.62,46.155,388.49,22.442,388.49,29.402,388.49,45.642
388.16,46.094,388.99,22.497,388.99,29.457,388.99,45.697
388.7,46.034,389.49,22.552,389.49,29.512,389.49,45.752
389.24,45.973,389.99,22.608,389.99,29.568,389.99,45.808
389.77,45.913,390.49,22.663,390.49,29.623,390.49,45.863
390.31,45.853,390.99,22.719,390.99,29.679,390.99,45.919
390.85,45.793,391.49,22.774,391.49,29.734,391.49,45.974
391.39,45.733,391.99,22.83,391.99,29.79,391.99,46.03
391.93,45.674,392.49,22.885,392.49,29.845,392.49,46.085
392.46,45.615,392.99,22.941,392.99,29.901,392.99,46.141
393,45.555,393.49,22.997,393.49,29.957,393.49,46.197
393.54,45.496,393.99,23.053,393.99,30.013,393.99,46.253
394.08,45.438,394.49,23.109,394.49,30.069,394.49,46.309
394.62,45.379,394.99,23.165,394.99,30.125,394.99,46.365
395.16,45.321,395.49,23.221,395.49,30.181,395.49,46.421
395.69,45.262,395.99,23.277,395.99,30.237,395.99,46.477
396.23,45.204,396.5,23.334,396.5,30.294,396.5,46.534
396.77,45.146,397,23.39,397,30.35,397,46.59
397.31,45.088,397.5,23.446,397.5,30.406,397.5,46.646
397.85,45.031,398,23.503,398,30.463,398,46.703
398.39,44.973,398.5,23.559,398.5,30.519,398.5,46.759
398.92,44.916,399,23.616,399,30.576,399,46.816
399.46,44.859,399.5,23.672,399.5,30.632,399.5,46.872
400,44.802,400,23.729,400,30.689,400,46.929
